Workbook
Name ListaDocentes: OFFSET(Docentes!$A$2,0,0,MAX(1,COUNTA(Docentes!$A$2:$A$251)),1)

Sheet Portada
A1: REGISTRO DE VACANTES Y REFUERZOS
A2: Enseñanzas elementales y profesionales de Música · vacantes de cualquier origen, su vía de cobertura y las horas usadas como refuerzo
A4: Centro | C4: obligatorio · escribe aquí el nombre del centro
A5: Código del centro | C5: obligatorio · el código de centro de la GVA; aparece en la cabecera de todos los informes
A6: Curso académico | B6: 2026-2027 | C6: revísalo cada septiembre
A7: Hoy es | B7: =TODAY()
A8: Fin del 2.º trimestre | C8: obligatorio · lo fija el centro en su PGA; habitualmente, el último día lectivo antes de Pascua
A9: =IF($B$8="","Falta la fecha de fin del 2.º trimestre, aquí arriba","Lista de espera: "&IF(TODAY()<=DATE(IF(MONTH(TODAY())>=9,YEAR(TODAY()),YEAR(TODAY())-1),12,15),"ABIERTA hasta el 15 de diciembre","CERRADA desde el 16 de diciembre")&" · Traslado de expediente: "&IF(TODAY()<=$B$8,"ABIERTO hasta el fin del 2.º trimestre","CERRADO")&IF(AND(TODAY()>DATE(IF(MONTH(TODAY())>=9,YEAR(TODAY()),YEAR(TODAY())-1),12,15),TODAY()>$B$8)," · Solo queda la vía excepcional de la dirección territorial",""))
A10: CÓMO SE CUBRE UNA VACANTE, SEGÚN LA FECHA
A11: Plazo | B11: Qué ocurre | C11: Detalle
A12: hasta el 30 de noviembre | B12: Renuncia de matrícula | C12: No computa a efectos de permanencia
A13: desde el 1 de diciembre | B13: Baja de matrícula | C13: Consume convocatoria
A14: hasta el 15 de diciembre | B14: Lista de espera | C14: 1.º propio centro · 2.º otros centros
A15: hasta el fin del 2.º trimestre | B15: Traslado de expediente | C15: Con lista de espera propia por especialidad
A16: después | B16: Solo vía excepcional | C16: Resuelve la dirección territorial
A18: Versión 1.1 · CC BY 4.0 · github.com/JLMirallesB/registro-vacantes-conservatorio
A19: Construido sobre la Orden 8/2026, de 24 de abril (DOGV 10352). El detalle del proceso, en la nota de centro.

Sheet Instrucciones
A1: INSTRUCCIONES
A2: Registro de vacantes y refuerzos · léelo una vez antes de empezar
A4: QUÉ VA EN CADA HOJA
A5: La regla | B5: Si un alumno nuevo podría sentarse en esa hora, va a Registro. Si no hay plaza que ofertar (asignaturas que no son de especialidad), va a Registro Refuerzo. Nunca en las dos: el Contador la sumaría dos veces y nadie se daría cuenta.
A6: Hoja Registro | B6: Cualquier hueco horario libre que alguien podría ocupar: por baja, renuncia o traslado; porque la plaza no se adjudicó; o porque esa hora nunca tuvo alumnado. Aquí va también el apoyo instrumental a alumnado ya matriculado: se registra como vacante y se marca «No disponible», porque esa hora no se puede ofertar.
A7: Hoja Registro Refuerzo | B7: Solo las horas de refuerzo de asignaturas que no son de especialidad —Lenguaje Musical, Armonía/Análisis e Historia—, donde no hay ninguna plaza que ofrecer porque la matrícula va con el instrumento.
A9: CÓMO SE RELLENA
A10: Una fila por especialidad | B10: Cada fila es un hueco horario. Si un alumno se da de baja de dos especialidades, son dos filas: la normativa permite renunciar a cada una por separado.
A11: Empieza por la especialidad | B11: Hasta que no la eliges, la fila no se numera ni reclama nada. Es lo que enciende la fila.
A12: La columna Comprobación | B12: La última por la derecha. Dice «Falta:» y lo que queda por rellenar, «Revisar:» si hay algo que se contradice, o «Completa». Filtra esa columna y tienes la lista de trabajo pendiente; el Dashboard te dice cuántas filas son.
A13: La fecha de hoy, de una tecla | B13: En Windows y en Mac: Ctrl + ; · Ojo en Mac: ⌘ + ; escribe la HORA, no la fecha. No hay calendario desplegable porque Excel no tiene ninguno.
A14: Disponible y en refuerzo a la vez | B14: Es normal y correcto: mientras el hueco está libre puede aprovecharse como refuerzo, y sigue estando disponible por si llega un traslado. Cuando se cubra de verdad, pon «No» en «¿En uso como refuerzo?». Si no lo haces, la columna Comprobación te avisará con «Revisar: la plaza ya tiene alumno y sigue marcada como refuerzo».
A16: LO QUE NO SE TOCA
A17: Borra el contenido, nunca la fila | B17: Selecciona y pulsa Supr. Eliminar la fila entera está bloqueado a propósito: encogería el rango de todas las fórmulas del libro y el registro perdería capacidad en silencio. Ordenar también está bloqueado, por la misma razón.
A18: Columnas calculadas | B18: «Nº de orden» y «Comprobación» se calculan solas y están bloqueadas. «Nuevo Horario» también se calcula —copia el horario original— pero puedes escribir encima si el horario cambia. Entre las columnas visibles hay otras ocultas que son el motor del Dashboard y de los informes: no las muestres ni las borres.
A19: El Nº de orden no identifica | B19: Es la posición en la hoja: si se borra algo, cambia. Para referirte a un caso concreto usa el NIA.
A20: Si necesitas desproteger | B20: Revisar → Desproteger hoja. NO hay contraseña: la protección es un seguro contra accidentes, no un candado. Al terminar, vuelve a protegerla desde Revisar → Proteger hoja, sin escribir ninguna contraseña y dejando las casillas como estaban. Y si tocas fórmulas, prueba antes en una copia.
A22: QUÉ SIGNIFICAN LOS COLORES
A23: Ámbar | B23: Falta algo. La fila entera en ámbar pálido; la celda concreta que falta, en ámbar fuerte.
A24: Rojo | B24: Hay algo que se contradice. Mira la columna Comprobación, que te dice qué.
A25: Verde | B25: Vacante disponible y con todos sus datos.
A26: Crema | B26: En trámite.
A27: Gris apagado | B27: No disponible: la fila se aparta de la vista porque ya no requiere acción.
A28: Rojo en la Portada | B28: Falta el nombre del centro, su código, o la fecha de fin del 2.º trimestre. Sin esa fecha, el aviso de plazos del Dashboard no puede funcionar.
A30: CADA CURSO, Y CUANDO CAMBIE ALGO
A31: En septiembre | B31: Actualiza en la Portada el curso académico y la fecha de fin del 2.º trimestre, que la fija cada centro en su PGA. El nombre y el código del centro se ponen una sola vez.
A32: Hoja Docentes | B32: No hace falta meterlos todos de golpe. Si ya tienes la lista en otro Excel, pégala; si no, ve añadiendo cada docente la primera vez que lo necesites y aparecerá en el desplegable. Eso sí: uno por fila y sin dejar huecos, porque el desplegable cuenta las filas escritas y un hueco corta la lista.
A33: Quién puede escribir en el libro | B33: La lista está en el Dashboard, al final del todo, bajo el rótulo «QUIÉN PUEDE ESCRIBIR EN EL LIBRO» (filas 44 a 50). Cámbiala ahí y los desplegables de las dos hojas de registro se actualizan solos. Hay dos casillas libres para añadir las tuyas.
A34: Añadir o quitar una especialidad | B34: No lo hagas a mano. Obliga a tocar seis hojas cuadrando la correspondencia de filas una a una, y si solo cambias la lista de Validaciones el Dashboard queda desalineado sin dar ningún error. Pídeselo a quien mantiene el libro, o abre un aviso en el repositorio.
A36: QUIÉN LO HA HECHO
A37: Autor | B37: Versión 1.1 · Excel creado por José Luis Miralles Bono; con ayuda de Claude.
A38: Contacto | B38: joseluismirallesbono@gmail.com
A39: Repositorio | B39: https://github.com/JLMirallesB/registro-vacantes-conservatorio · ahí están las versiones, los avisos de fallos y las mejoras en marcha.
A40: Licencia | B40: CC BY 4.0 (Creative Commons Reconocimiento). Puedes usarlo, adaptarlo y repartirlo, también con fines comerciales, siempre que reconozcas la autoría e indiques si lo has cambiado.
A41: ¿Te ha servido? | B41: Invítame a una orxata: https://ko-fi.com/miralles
A42: Los plazos para cubrir una vacante están en la Portada, y el Dashboard te dice cuáles siguen abiertos hoy.

Sheet Docentes
A1: Docentes del centro
B2: Escribe aquí un docente por fila, sin dejar huecos. Esta lista alimenta el desplegable «Nombre del Docente» de las dos hojas de registro.

Sheet Validaciones
A1: Especialidades | B1: Cursos | C1: Motivo de Vacante | D1: Estado Vacante | E1: Sí/No | F1: Duración | G1: Especialidades teóricas (refuerzo) | H1: Estado Refuerzo | I1: Vía de cobertura | J1: Datos personales
A2: ACORDEÓN | B2: EEM 1º | C2: No adjudicada · sin demanda | D2: Disponible | E2: Sí | F2: 30 minutos | G2: LENGUAJE MUSICAL | H2: Activo | I2: Lista de espera · propio centro | J2: Visibles
A3: ARPA | B3: EEM 2º | C3: Adjudicada y no matriculada (art. 23.3) | D3: En trámite | E3: No | F3: 1 hora | G3: ARMONÍA/ANÁLISIS | H3: No activo | I3: Traslado de expediente | J3: Anonimizados
A4: BAJO ELÉCTRICO | B4: EEM 3º | C4: Renuncia (hasta 30 nov) | D4: No disponible | G4: HISTORIA | I4: Lista de espera · otro centro
A5: CANTO | B5: EEM 4º | C5: Baja (desde 1 dic) | I5: Reconvertida en refuerzo
A6: CANTO VALENCIANO | B6: EPM 1º | C6: Renuncia excepcional (art. 25.3) | I6: No cubierta
A7: CLARINETE | B7: EPM 2º | C7: Traslado de expediente
A8: CLAVICÉMBALO | B8: EPM 3º | C8: Hora que nunca tuvo alumnado
A9: CONTRABAJO | B9: EPM 4º | C9: Otros
A10: DOLÇAINA | B10: EPM 5º
A11: FAGOT | B11: EPM 6º
A12: FLAUTA DE PICO
A13: FLAUTA TRAVERSA
A14: GUITARRA
A15: GUITARRA ELÉCTRICA
A16: INSTRUMENTOS DE CUERDA PULSADA DEL RENACIMIENTO Y BARROCO
A17: INSTRUMENTOS DE PLECTRO
A18: OBOE
A19: ÓRGANO
A20: PERCUSIÓN
A21: PIANO
A22: SAXOFÓN
A23: TROMBÓN DE VARAS
... A30: VIOLONCHELO

Sheet Dashboard
A1: PANEL DE CONTROL · VACANTES Y REFUERZOS
A2: =Portada!$A$9
A3: VACANTES DISPONIBLES POR ESPECIALIDAD
A4: Especialidad | B4: Disponibles | C4: Docente y horario disponible
A5: ACORDEÓN | B5: =COUNTIFS(Registro!$D$2:$D$501,A5,Registro!$Q$2:$Q$501,"Disponible") -> 0 | C5: =IF(B5=0,"Sin vacantes",Aux!B2 & IF(Aux!C2<>""," | "&Aux!C2,"") & IF(Aux!D2<>""," | "&Aux!D2,"") & IF(Aux!E2<>""," | "&Aux!E2,"") & IF(Aux!F2<>""," | "&Aux!F2,"") & IF(Aux!G2<>""," | "&Aux!G2,"") & IF(Aux!H2<>""," | "&Aux!H2,"") & IF(Aux!I2<>""," | "&Aux!I2,"") & IF(Aux!J2<>""," | "&Aux!J2,"") & IF(Aux!K2<>""," | "&Aux!K2,"") & IF(Aux!L2<>""," | "&Aux!L2,"") & IF(Aux!M2<>""," | "&Aux!M2,"") & IF(B5>12," | (+"&(B5-12)&" más)",""))
A6: ARPA | B6: =COUNTIFS(Registro!$D$2:$D$501,A6,Registro!$Q$2:$Q$501,"Disponible") -> 0 | C6: =IF(B6=0,"Sin vacantes",Aux!B3 & IF(Aux!C3<>""," | "&Aux!C3,"") & IF(Aux!D3<>""," | "&Aux!D3,"") & IF(Aux!E3<>""," | "&Aux!E3,"") & IF(Aux!F3<>""," | "&Aux!F3,"") & IF(Aux!G3<>""," | "&Aux!G3,"") & IF(Aux!H3<>""," | "&Aux!H3,"") & IF(Aux!I3<>""," | "&Aux!I3,"") & IF(Aux!J3<>""," | "&Aux!J3,"") & IF(Aux!K3<>""," | "&Aux!K3,"") & IF(Aux!L3<>""," | "&Aux!L3,"") & IF(Aux!M3<>""," | "&Aux!M3,"") & IF(B6>12," | (+"&(B6-12)&" más)",""))
A7: BAJO ELÉCTRICO | B7: =COUNTIFS(Registro!$D$2:$D$501,A7,Registro!$Q$2:$Q$501,"Disponible") -> 0 | C7: =IF(B7=0,"Sin vacantes",Aux!B4 & IF(Aux!C4<>""," | "&Aux!C4,"") & IF(Aux!D4<>""," | "&Aux!D4,"") & IF(Aux!E4<>""," | "&Aux!E4,"") & IF(Aux!F4<>""," | "&Aux!F4,"") & IF(Aux!G4<>""," | "&Aux!G4,"") & IF(Aux!H4<>""," | "&Aux!H4,"") & IF(Aux!I4<>""," | "&Aux!I4,"") & IF(Aux!J4<>""," | "&Aux!J4,"") & IF(Aux!K4<>""," | "&Aux!K4,"") & IF(Aux!L4<>""," | "&Aux!L4,"") & IF(Aux!M4<>""," | "&Aux!M4,"") & IF(B7>12," | (+"&(B7-12)&" más)",""))
A8: CANTO | B8: =COUNTIFS(Registro!$D$2:$D$501,A8,Registro!$Q$2:$Q$501,"Disponible") -> 0 | C8: =IF(B8=0,"Sin vacantes",Aux!B5 & IF(Aux!C5<>""," | "&Aux!C5,"") & IF(Aux!D5<>""," | "&Aux!D5,"") & IF(Aux!E5<>""," | "&Aux!E5,"") & IF(Aux!F5<>""," | "&Aux!F5,"") & IF(Aux!G5<>""," | "&Aux!G5,"") & IF(Aux!H5<>""," | "&Aux!H5,"") & IF(Aux!I5<>""," | "&Aux!I5,"") & IF(Aux!J5<>""," | "&Aux!J5,"") & IF(Aux!K5<>""," | "&Aux!K5,"") & IF(Aux!L5<>""," | "&Aux!L5,"") & IF(Aux!M5<>""," | "&Aux!M5,"") & IF(B8>12," | (+"&(B8-12)&" más)",""))
A9: CANTO VALENCIANO | B9: =COUNTIFS(Registro!$D$2:$D$501,A9,Registro!$Q$2:$Q$501,"Disponible") -> 0 | C9: =IF(B9=0,"Sin vacantes",Aux!B6 & IF(Aux!C6<>""," | "&Aux!C6,"") & IF(Aux!D6<>""," | "&Aux!D6,"") & IF(Aux!E6<>""," | "&Aux!E6,"") & IF(Aux!F6<>""," | "&Aux!F6,"") & IF(Aux!G6<>""," | "&Aux!G6,"") & IF(Aux!H6<>""," | "&Aux!H6,"") & IF(Aux!I6<>""," | "&Aux!I6,"") & IF(Aux!J6<>""," | "&Aux!J6,"") & IF(Aux!K6<>""," | "&Aux!K6,"") & IF(Aux!L6<>""," | "&Aux!L6,"") & IF(Aux!M6<>""," | "&Aux!M6,"") & IF(B9>12," | (+"&(B9-12)&" más)",""))
A10: CLARINETE | B10: =COUNTIFS(Registro!$D$2:$D$501,A10,Registro!$Q$2:$Q$501,"Disponible") -> 0 | C10: =IF(B10=0,"Sin vacantes",Aux!B7 & IF(Aux!C7<>""," | "&Aux!C7,"") & IF(Aux!D7<>""," | "&Aux!D7,"") & IF(Aux!E7<>""," | "&Aux!E7,"") & IF(Aux!F7<>""," | "&Aux!F7,"") & IF(Aux!G7<>""," | "&Aux!G7,"") & IF(Aux!H7<>""," | "&Aux!H7,"") & IF(Aux!I7<>""," | "&Aux!I7,"") & IF(Aux!J7<>""," | "&Aux!J7,"") & IF(Aux!K7<>""," | "&Aux!K7,"") & IF(Aux!L7<>""," | "&Aux!L7,"") & IF(Aux!M7<>""," | "&Aux!M7,"") & IF(B10>12," | (+"&(B10-12)&" más)",""))
A11: CLAVICÉMBALO | B11: =COUNTIFS(Registro!$D$2:$D$501,A11,Registro!$Q$2:$Q$501,"Disponible") -> 0 | C11: =IF(B11=0,"Sin vacantes",Aux!B8 & IF(Aux!C8<>""," | "&Aux!C8,"") & IF(Aux!D8<>""," | "&Aux!D8,"") & IF(Aux!E8<>""," | "&Aux!E8,"") & IF(Aux!F8<>""," | "&Aux!F8,"") & IF(Aux!G8<>""," | "&Aux!G8,"") & IF(Aux!H8<>""," | "&Aux!H8,"") & IF(Aux!I8<>""," | "&Aux!I8,"") & IF(Aux!J8<>""," | "&Aux!J8,"") & IF(Aux!K8<>""," | "&Aux!K8,"") & IF(Aux!L8<>""," | "&Aux!L8,"") & IF(Aux!M8<>""," | "&Aux!M8,"") & IF(B11>12," | (+"&(B11-12)&" más)",""))
A12: CONTRABAJO | B12: =COUNTIFS(Registro!$D$2:$D$501,A12,Registro!$Q$2:$Q$501,"Disponible") -> 0 | C12: =IF(B12=0,"Sin vacantes",Aux!B9 & IF(Aux!C9<>""," | "&Aux!C9,"") & IF(Aux!D9<>""," | "&Aux!D9,"") & IF(Aux!E9<>""," | "&Aux!E9,"") & IF(Aux!F9<>""," | "&Aux!F9,"") & IF(Aux!G9<>""," | "&Aux!G9,"") & IF(Aux!H9<>""," | "&Aux!H9,"") & IF(Aux!I9<>""," | "&Aux!I9,"") & IF(Aux!J9<>""," | "&Aux!J9,"") & IF(Aux!K9<>""," | "&Aux!K9,"") & IF(Aux!L9<>""," | "&Aux!L9,"") & IF(Aux!M9<>""," | "&Aux!M9,"") & IF(B12>12," | (+"&(B12-12)&" más)",""))
A13: DOLÇAINA | B13: =COUNTIFS(Registro!$D$2:$D$501,A13,Registro!$Q$2:$Q$501,"Disponible") -> 0 | C13: =IF(B13=0,"Sin vacantes",Aux!B10 & IF(Aux!C10<>""," | "&Aux!C10,"") & IF(Aux!D10<>""," | "&Aux!D10,"") & IF(Aux!E10<>""," | "&Aux!E10,"") & IF(Aux!F10<>""," | "&Aux!F10,"") & IF(Aux!G10<>""," | "&Aux!G10,"") & IF(Aux!H10<>""," | "&Aux!H10,"") & IF(Aux!I10<>""," | "&Aux!I10,"") & IF(Aux!J10<>""," | "&Aux!J10,"") & IF(Aux!K10<>""," | "&Aux!K10,"") & IF(Aux!L10<>""," | "&Aux!L10,"") & IF(Aux!M10<>""," | "&Aux!M10,"") & IF(B13>12," | (+"&(B13-12)&" más)",""))
A14: FAGOT | B14: =COUNTIFS(Registro!$D$2:$D$501,A14,Registro!$Q$2:$Q$501,"Disponible") -> 0 | C14: =IF(B14=0,"Sin vacantes",Aux!B11 & IF(Aux!C11<>""," | "&Aux!C11,"") & IF(Aux!D11<>""," | "&Aux!D11,"") & IF(Aux!E11<>""," | "&Aux!E11,"") & IF(Aux!F11<>""," | "&Aux!F11,"") & IF(Aux!G11<>""," | "&Aux!G11,"") & IF(Aux!H11<>""," | "&Aux!H11,"") & IF(Aux!I11<>""," | "&Aux!I11,"") & IF(Aux!J11<>""," | "&Aux!J11,"") & IF(Aux!K11<>""," | "&Aux!K11,"") & IF(Aux!L11<>""," | "&Aux!L11,"") & IF(Aux!M11<>""," | "&Aux!M11,"") & IF(B14>12," | (+"&(B14-12)&" más)",""))
A15: FLAUTA DE PICO | B15: =COUNTIFS(Registro!$D$2:$D$501,A15,Registro!$Q$2:$Q$501,"Disponible") -> 0 | C15: =IF(B15=0,"Sin vacantes",Aux!B12 & IF(Aux!C12<>""," | "&Aux!C12,"") & IF(Aux!D12<>""," | "&Aux!D12,"") & IF(Aux!E12<>""," | "&Aux!E12,"") & IF(Aux!F12<>""," | "&Aux!F12,"") & IF(Aux!G12<>""," | "&Aux!G12,"") & IF(Aux!H12<>""," | "&Aux!H12,"") & IF(Aux!I12<>""," | "&Aux!I12,"") & IF(Aux!J12<>""," | "&Aux!J12,"") & IF(Aux!K12<>""," | "&Aux!K12,"") & IF(Aux!L12<>""," | "&Aux!L12,"") & IF(Aux!M12<>""," | "&Aux!M12,"") & IF(B15>12," | (+"&(B15-12)&" más)",""))
A16: FLAUTA TRAVERSA | B16: =COUNTIFS(Registro!$D$2:$D$501,A16,Registro!$Q$2:$Q$501,"Disponible") -> 0 | C16: =IF(B16=0,"Sin vacantes",Aux!B13 & IF(Aux!C13<>""," | "&Aux!C13,"") & IF(Aux!D13<>""," | "&Aux!D13,"") & IF(Aux!E13<>""," | "&Aux!E13,"") & IF(Aux!F13<>""," | "&Aux!F13,"") & IF(Aux!G13<>""," | "&Aux!G13,"") & IF(Aux!H13<>""," | "&Aux!H13,"") & IF(Aux!I13<>""," | "&Aux!I13,"") & IF(Aux!J13<>""," | "&Aux!J13,"") & IF(Aux!K13<>""," | "&Aux!K13,"") & IF(Aux!L13<>""," | "&Aux!L13,"") & IF(Aux!M13<>""," | "&Aux!M13,"") & IF(B16>12," | (+"&(B16-12)&" más)",""))
... A33: VIOLONCHELO | B33: =COUNTIFS(Registro!$D$2:$D$501,A33,Registro!$Q$2:$Q$501,"Disponible") -> 0 | C33: =IF(B33=0,"Sin vacantes",Aux!B30 & IF(Aux!C30<>""," | "&Aux!C30,"") & IF(Aux!D30<>""," | "&Aux!D30,"") & IF(Aux!E30<>""," | "&Aux!E30,"") & IF(Aux!F30<>""," | "&Aux!F30,"") & IF(Aux!G30<>""," | "&Aux!G30,"") & IF(Aux!H30<>""," | "&Aux!H30,"") & IF(Aux!I30<>""," | "&Aux!I30,"") & IF(Aux!J30<>""," | "&Aux!J30,"") & IF(Aux!K30<>""," | "&Aux!K30,"") & IF(Aux!L30<>""," | "&Aux!L30,"") & IF(Aux!M30<>""," | "&Aux!M30,"") & IF(B33>12," | (+"&(B33-12)&" más)",""))
A35: VACANTES UTILIZADAS COMO REFUERZO
A36: Total horas completas como refuerzo: | B36: =COUNTIFS(Registro!$O$2:$O$501,"Sí",Registro!$N$2:$N$501,"1 hora")
A37: Medias horas usadas como refuerzo: | B37: =COUNTIFS(Registro!$O$2:$O$501,"Sí",Registro!$N$2:$N$501,"30 minutos") -> 0
A38: RESUMEN GENERAL
A39: Total vacantes registradas: | B39: =COUNTA(Registro!$D$2:$D$501) -> 0
A40: Total vacantes disponibles: | B40: =COUNTIF(Registro!$Q$2:$Q$501,"Disponible") -> 0 | C40: =IF(SUM(B5:B33)=B40,"✓ cuadra","⚠ descuadre de "&(B40-SUM(B5:B33))&": hay vacantes cuya especialidad no está en la lista")
A41: Total vacantes en trámite: | B41: =COUNTIF(Registro!$Q$2:$Q$501,"En trámite") -> 0
A42: Total vacantes no disponibles: | B42: =COUNTIF(Registro!$Q$2:$Q$501,"No disponible") -> 0
A43: Filas incompletas en el Registro: | B43: =COUNTIF(Registro!$AD$2:$AD$501,"Falta*")
A44: QUIÉN PUEDE ESCRIBIR EN EL LIBRO
A45: Esta lista alimenta el desplegable «Introducido por» de las dos hojas de registro. Cambia los cargos o añade los que necesite tu centro: las dos últimas casillas están libres.
A46: Jefatura
A47: Secretaría
A48: Administración
B49: ← libre
B50: ← libre

Sheet Registro
A1: Nº de orden | B1: Fecha de Introducción | C1: Introducido por | D1: Especialidad | E1: Apellidos (deja la plaza) | F1: Nombre (deja la plaza) | G1: NIA (deja la plaza) | H1: Curso | I1: Motivo de Vacante | J1: Observaciones sobre Motivo | K1: Nombre del Docente | L1: Horario Original | M1: Nuevo Horario | N1: Duración | O1: ¿En uso como Refuerzo? | P1: Detalle del Refuerzo | Q1: Estado de la Vacante | R1: Vía de cobertura | S1: Apellidos (ocupa la plaza) | T1: Nombre (ocupa la plaza) | U1: NIA (ocupa la plaza) | V1: Observaciones Generales | W1: _VacSlot | X1: _VacKey | Y1: _VacStr | Z1: _RefSlot | AA1: _RefKey | AB1: _RefStr | AC1: _Faltas | AD1: Comprobación | AE1: _iBaja | AF1: _iDisp | AG1: _iRef | AH1: _iOcio | AI1: _DocSlot | AJ1: _DocKey | AK1: _Revisar
A2: =IF(D2<>"",ROW()-1,"") | M2: =IF(L2="","",L2) | W2: =IF(Q2="Disponible",COUNTIFS($D$2:D2,D2,$Q$2:Q2,"Disponible"),"") | X2: =IF(W2<>"",D2&"|"&W2,"") | Y2: =IF(X2<>"",IF(K2<>"",K2&" ("&M2&")",M2),"") | Z2: =IF(O2="Sí",COUNTIFS($D$2:D2,D2,$O$2:O2,"Sí"),"") | AA2: =IF(Z2<>"",D2&"|"&Z2,"") | AB2: =IF(AA2<>"",IF(K2<>"",K2&" ("&M2&")",M2),"") | AC2: =IF($B2="","fecha, ","")&IF($C2="","quién lo introduce, ","")&IF($I2="","motivo, ","")&IF($K2="","docente, ","")&IF($L2="","horario, ","")&IF($N2="","duración, ","")&IF($Q2="","estado, ","")&IF(AND($I2="Otros",$J2=""),"detalle del motivo, ","")&IF(AND($O2="Sí",$P2=""),"detalle del refuerzo, ","")&IF(AND(OR($I2="Renuncia (hasta 30 nov)",$I2="Baja (desde 1 dic)",$I2="Renuncia excepcional (art. 25.3)",$I2="Traslado de expediente"),OR($E2="",$F2="",$G2="")),"quién deja la plaza, ","")&IF(AND($Q2="No disponible",$R2=""),"vía de cobertura, ","")&IF(AND(OR($R2="Lista de espera · propio centro",$R2="Traslado de expediente",$R2="Lista de espera · otro centro"),OR($S2="",$T2="",$U2="")),"quién ocupa la plaza, ","") | AD2: =IF($D2="","",IF(AND(LEN($AC2)=0,LEN($AK2)=0),"Completa",IF(LEN($AC2)=0,"Revisar: "&LEFT($AK2,LEN($AK2)-2),"Falta: "&LEFT($AC2,LEN($AC2)-2)&IF(LEN($AK2)>0," · Revisar: "&LEFT($AK2,LEN($AK2)-2),"")))) | AE2: =IF(AND($D2<>"",OR($I2="Renuncia (hasta 30 nov)",$I2="Baja (desde 1 dic)",$I2="Renuncia excepcional (art. 25.3)",$I2="Traslado de expediente")),COUNTIF($AE$1:AE1,">0")+1,"") | AF2: =IF($Q2="Disponible",COUNTIF($AF$1:AF1,">0")+1,"") | AG2: =IF($O2="Sí",COUNTIF($AG$1:AG1,">0")+1,"") | AH2: =IF(AND($Q2="Disponible",$O2<>"Sí"),COUNTIF($AH$1:AH1,">0")+1,"") | AI2: =IF(AND($Q2="Disponible",$K2<>""),COUNTIFS($K$2:K2,K2,$Q$2:Q2,"Disponible"),"") | AJ2: =IF(AI2<>"",K2&"|"&AI2,"") | AK2: =IF(AND($Q2="No disponible",OR($R2="Lista de espera · propio centro",$R2="Traslado de expediente",$R2="Lista de espera · otro centro"),$O2="Sí"),"la plaza ya tiene alumno y sigue marcada como refuerzo, ","")&IF(AND($R2="Reconvertida en refuerzo",$O2<>"Sí"),"reconvertida en refuerzo pero sin marcar «En uso como refuerzo», ","")
A3: =IF(D3<>"",ROW()-1,"") | M3: =IF(L3="","",L3) | W3: =IF(Q3="Disponible",COUNTIFS($D$2:D3,D3,$Q$2:Q3,"Disponible"),"") | X3: =IF(W3<>"",D3&"|"&W3,"") | Y3: =IF(X3<>"",IF(K3<>"",K3&" ("&M3&")",M3),"") | Z3: =IF(O3="Sí",COUNTIFS($D$2:D3,D3,$O$2:O3,"Sí"),"") | AA3: =IF(Z3<>"",D3&"|"&Z3,"") | AB3: =IF(AA3<>"",IF(K3<>"",K3&" ("&M3&")",M3),"") | AC3: =IF($B3="","fecha, ","")&IF($C3="","quién lo introduce, ","")&IF($I3="","motivo, ","")&IF($K3="","docente, ","")&IF($L3="","horario, ","")&IF($N3="","duración, ","")&IF($Q3="","estado, ","")&IF(AND($I3="Otros",$J3=""),"detalle del motivo, ","")&IF(AND($O3="Sí",$P3=""),"detalle del refuerzo, ","")&IF(AND(OR($I3="Renuncia (hasta 30 nov)",$I3="Baja (desde 1 dic)",$I3="Renuncia excepcional (art. 25.3)",$I3="Traslado de expediente"),OR($E3="",$F3="",$G3="")),"quién deja la plaza, ","")&IF(AND($Q3="No disponible",$R3=""),"vía de cobertura, ","")&IF(AND(OR($R3="Lista de espera · propio centro",$R3="Traslado de expediente",$R3="Lista de espera · otro centro"),OR($S3="",$T3="",$U3="")),"quién ocupa la plaza, ","") | AD3: =IF($D3="","",IF(AND(LEN($AC3)=0,LEN($AK3)=0),"Completa",IF(LEN($AC3)=0,"Revisar: "&LEFT($AK3,LEN($AK3)-2),"Falta: "&LEFT($AC3,LEN($AC3)-2)&IF(LEN($AK3)>0," · Revisar: "&LEFT($AK3,LEN($AK3)-2),"")))) | AE3: =IF(AND($D3<>"",OR($I3="Renuncia (hasta 30 nov)",$I3="Baja (desde 1 dic)",$I3="Renuncia excepcional (art. 25.3)",$I3="Traslado de expediente")),COUNTIF($AE$1:AE2,">0")+1,"") | AF3: =IF($Q3="Disponible",COUNTIF($AF$1:AF2,">0")+1,"") | AG3: =IF($O3="Sí",COUNTIF($AG$1:AG2,">0")+1,"") | AH3: =IF(AND($Q3="Disponible",$O3<>"Sí"),COUNTIF($AH$1:AH2,">0")+1,"") | AI3: =IF(AND($Q3="Disponible",$K3<>""),COUNTIFS($K$2:K3,K3,$Q$2:Q3,"Disponible"),"") | AJ3: =IF(AI3<>"",K3&"|"&AI3,"") | AK3: =IF(AND($Q3="No disponible",OR($R3="Lista de espera · propio centro",$R3="Traslado de expediente",$R3="Lista de espera · otro centro"),$O3="Sí"),"la plaza ya tiene alumno y sigue marcada como refuerzo, ","")&IF(AND($R3="Reconvertida en refuerzo",$O3<>"Sí"),"reconvertida en refuerzo pero sin marcar «En uso como refuerzo», ","")
A4: =IF(D4<>"",ROW()-1,"") | M4: =IF(L4="","",L4) | W4: =IF(Q4="Disponible",COUNTIFS($D$2:D4,D4,$Q$2:Q4,"Disponible"),"") | X4: =IF(W4<>"",D4&"|"&W4,"") | Y4: =IF(X4<>"",IF(K4<>"",K4&" ("&M4&")",M4),"") | Z4: =IF(O4="Sí",COUNTIFS($D$2:D4,D4,$O$2:O4,"Sí"),"") | AA4: =IF(Z4<>"",D4&"|"&Z4,"") | AB4: =IF(AA4<>"",IF(K4<>"",K4&" ("&M4&")",M4),"") | AC4: =IF($B4="","fecha, ","")&IF($C4="","quién lo introduce, ","")&IF($I4="","motivo, ","")&IF($K4="","docente, ","")&IF($L4="","horario, ","")&IF($N4="","duración, ","")&IF($Q4="","estado, ","")&IF(AND($I4="Otros",$J4=""),"detalle del motivo, ","")&IF(AND($O4="Sí",$P4=""),"detalle del refuerzo, ","")&IF(AND(OR($I4="Renuncia (hasta 30 nov)",$I4="Baja (desde 1 dic)",$I4="Renuncia excepcional (art. 25.3)",$I4="Traslado de expediente"),OR($E4="",$F4="",$G4="")),"quién deja la plaza, ","")&IF(AND($Q4="No disponible",$R4=""),"vía de cobertura, ","")&IF(AND(OR($R4="Lista de espera · propio centro",$R4="Traslado de expediente",$R4="Lista de espera · otro centro"),OR($S4="",$T4="",$U4="")),"quién ocupa la plaza, ","") | AD4: =IF($D4="","",IF(AND(LEN($AC4)=0,LEN($AK4)=0),"Completa",IF(LEN($AC4)=0,"Revisar: "&LEFT($AK4,LEN($AK4)-2),"Falta: "&LEFT($AC4,LEN($AC4)-2)&IF(LEN($AK4)>0," · Revisar: "&LEFT($AK4,LEN($AK4)-2),"")))) | AE4: =IF(AND($D4<>"",OR($I4="Renuncia (hasta 30 nov)",$I4="Baja (desde 1 dic)",$I4="Renuncia excepcional (art. 25.3)",$I4="Traslado de expediente")),COUNTIF($AE$1:AE3,">0")+1,"") | AF4: =IF($Q4="Disponible",COUNTIF($AF$1:AF3,">0")+1,"") | AG4: =IF($O4="Sí",COUNTIF($AG$1:AG3,">0")+1,"") | AH4: =IF(AND($Q4="Disponible",$O4<>"Sí"),COUNTIF($AH$1:AH3,">0")+1,"") | AI4: =IF(AND($Q4="Disponible",$K4<>""),COUNTIFS($K$2:K4,K4,$Q$2:Q4,"Disponible"),"") | AJ4: =IF(AI4<>"",K4&"|"&AI4,"") | AK4: =IF(AND($Q4="No disponible",OR($R4="Lista de espera · propio centro",$R4="Traslado de expediente",$R4="Lista de espera · otro centro"),$O4="Sí"),"la plaza ya tiene alumno y sigue marcada como refuerzo, ","")&IF(AND($R4="Reconvertida en refuerzo",$O4<>"Sí"),"reconvertida en refuerzo pero sin marcar «En uso como refuerzo», ","")
A5: =IF(D5<>"",ROW()-1,"") | M5: =IF(L5="","",L5) | W5: =IF(Q5="Disponible",COUNTIFS($D$2:D5,D5,$Q$2:Q5,"Disponible"),"") | X5: =IF(W5<>"",D5&"|"&W5,"") | Y5: =IF(X5<>"",IF(K5<>"",K5&" ("&M5&")",M5),"") | Z5: =IF(O5="Sí",COUNTIFS($D$2:D5,D5,$O$2:O5,"Sí"),"") | AA5: =IF(Z5<>"",D5&"|"&Z5,"") | AB5: =IF(AA5<>"",IF(K5<>"",K5&" ("&M5&")",M5),"") | AC5: =IF($B5="","fecha, ","")&IF($C5="","quién lo introduce, ","")&IF($I5="","motivo, ","")&IF($K5="","docente, ","")&IF($L5="","horario, ","")&IF($N5="","duración, ","")&IF($Q5="","estado, ","")&IF(AND($I5="Otros",$J5=""),"detalle del motivo, ","")&IF(AND($O5="Sí",$P5=""),"detalle del refuerzo, ","")&IF(AND(OR($I5="Renuncia (hasta 30 nov)",$I5="Baja (desde 1 dic)",$I5="Renuncia excepcional (art. 25.3)",$I5="Traslado de expediente"),OR($E5="",$F5="",$G5="")),"quién deja la plaza, ","")&IF(AND($Q5="No disponible",$R5=""),"vía de cobertura, ","")&IF(AND(OR($R5="Lista de espera · propio centro",$R5="Traslado de expediente",$R5="Lista de espera · otro centro"),OR($S5="",$T5="",$U5="")),"quién ocupa la plaza, ","") | AD5: =IF($D5="","",IF(AND(LEN($AC5)=0,LEN($AK5)=0),"Completa",IF(LEN($AC5)=0,"Revisar: "&LEFT($AK5,LEN($AK5)-2),"Falta: "&LEFT($AC5,LEN($AC5)-2)&IF(LEN($AK5)>0," · Revisar: "&LEFT($AK5,LEN($AK5)-2),"")))) | AE5: =IF(AND($D5<>"",OR($I5="Renuncia (hasta 30 nov)",$I5="Baja (desde 1 dic)",$I5="Renuncia excepcional (art. 25.3)",$I5="Traslado de expediente")),COUNTIF($AE$1:AE4,">0")+1,"") | AF5: =IF($Q5="Disponible",COUNTIF($AF$1:AF4,">0")+1,"") | AG5: =IF($O5="Sí",COUNTIF($AG$1:AG4,">0")+1,"") | AH5: =IF(AND($Q5="Disponible",$O5<>"Sí"),COUNTIF($AH$1:AH4,">0")+1,"") | AI5: =IF(AND($Q5="Disponible",$K5<>""),COUNTIFS($K$2:K5,K5,$Q$2:Q5,"Disponible"),"") | AJ5: =IF(AI5<>"",K5&"|"&AI5,"") | AK5: =IF(AND($Q5="No disponible",OR($R5="Lista de espera · propio centro",$R5="Traslado de expediente",$R5="Lista de espera · otro centro"),$O5="Sí"),"la plaza ya tiene alumno y sigue marcada como refuerzo, ","")&IF(AND($R5="Reconvertida en refuerzo",$O5<>"Sí"),"reconvertida en refuerzo pero sin marcar «En uso como refuerzo», ","")
A6: =IF(D6<>"",ROW()-1,"") | M6: =IF(L6="","",L6) | W6: =IF(Q6="Disponible",COUNTIFS($D$2:D6,D6,$Q$2:Q6,"Disponible"),"") | X6: =IF(W6<>"",D6&"|"&W6,"") | Y6: =IF(X6<>"",IF(K6<>"",K6&" ("&M6&")",M6),"") | Z6: =IF(O6="Sí",COUNTIFS($D$2:D6,D6,$O$2:O6,"Sí"),"") | AA6: =IF(Z6<>"",D6&"|"&Z6,"") | AB6: =IF(AA6<>"",IF(K6<>"",K6&" ("&M6&")",M6),"") | AC6: =IF($B6="","fecha, ","")&IF($C6="","quién lo introduce, ","")&IF($I6="","motivo, ","")&IF($K6="","docente, ","")&IF($L6="","horario, ","")&IF($N6="","duración, ","")&IF($Q6="","estado, ","")&IF(AND($I6="Otros",$J6=""),"detalle del motivo, ","")&IF(AND($O6="Sí",$P6=""),"detalle del refuerzo, ","")&IF(AND(OR($I6="Renuncia (hasta 30 nov)",$I6="Baja (desde 1 dic)",$I6="Renuncia excepcional (art. 25.3)",$I6="Traslado de expediente"),OR($E6="",$F6="",$G6="")),"quién deja la plaza, ","")&IF(AND($Q6="No disponible",$R6=""),"vía de cobertura, ","")&IF(AND(OR($R6="Lista de espera · propio centro",$R6="Traslado de expediente",$R6="Lista de espera · otro centro"),OR($S6="",$T6="",$U6="")),"quién ocupa la plaza, ","") | AD6: =IF($D6="","",IF(AND(LEN($AC6)=0,LEN($AK6)=0),"Completa",IF(LEN($AC6)=0,"Revisar: "&LEFT($AK6,LEN($AK6)-2),"Falta: "&LEFT($AC6,LEN($AC6)-2)&IF(LEN($AK6)>0," · Revisar: "&LEFT($AK6,LEN($AK6)-2),"")))) | AE6: =IF(AND($D6<>"",OR($I6="Renuncia (hasta 30 nov)",$I6="Baja (desde 1 dic)",$I6="Renuncia excepcional (art. 25.3)",$I6="Traslado de expediente")),COUNTIF($AE$1:AE5,">0")+1,"") | AF6: =IF($Q6="Disponible",COUNTIF($AF$1:AF5,">0")+1,"") | AG6: =IF($O6="Sí",COUNTIF($AG$1:AG5,">0")+1,"") | AH6: =IF(AND($Q6="Disponible",$O6<>"Sí"),COUNTIF($AH$1:AH5,">0")+1,"") | AI6: =IF(AND($Q6="Disponible",$K6<>""),COUNTIFS($K$2:K6,K6,$Q$2:Q6,"Disponible"),"") | AJ6: =IF(AI6<>"",K6&"|"&AI6,"") | AK6: =IF(AND($Q6="No disponible",OR($R6="Lista de espera · propio centro",$R6="Traslado de expediente",$R6="Lista de espera · otro centro"),$O6="Sí"),"la plaza ya tiene alumno y sigue marcada como refuerzo, ","")&IF(AND($R6="Reconvertida en refuerzo",$O6<>"Sí"),"reconvertida en refuerzo pero sin marcar «En uso como refuerzo», ","")
A7: =IF(D7<>"",ROW()-1,"") | M7: =IF(L7="","",L7) | W7: =IF(Q7="Disponible",COUNTIFS($D$2:D7,D7,$Q$2:Q7,"Disponible"),"") | X7: =IF(W7<>"",D7&"|"&W7,"") | Y7: =IF(X7<>"",IF(K7<>"",K7&" ("&M7&")",M7),"") | Z7: =IF(O7="Sí",COUNTIFS($D$2:D7,D7,$O$2:O7,"Sí"),"") | AA7: =IF(Z7<>"",D7&"|"&Z7,"") | AB7: =IF(AA7<>"",IF(K7<>"",K7&" ("&M7&")",M7),"") | AC7: =IF($B7="","fecha, ","")&IF($C7="","quién lo introduce, ","")&IF($I7="","motivo, ","")&IF($K7="","docente, ","")&IF($L7="","horario, ","")&IF($N7="","duración, ","")&IF($Q7="","estado, ","")&IF(AND($I7="Otros",$J7=""),"detalle del motivo, ","")&IF(AND($O7="Sí",$P7=""),"detalle del refuerzo, ","")&IF(AND(OR($I7="Renuncia (hasta 30 nov)",$I7="Baja (desde 1 dic)",$I7="Renuncia excepcional (art. 25.3)",$I7="Traslado de expediente"),OR($E7="",$F7="",$G7="")),"quién deja la plaza, ","")&IF(AND($Q7="No disponible",$R7=""),"vía de cobertura, ","")&IF(AND(OR($R7="Lista de espera · propio centro",$R7="Traslado de expediente",$R7="Lista de espera · otro centro"),OR($S7="",$T7="",$U7="")),"quién ocupa la plaza, ","") | AD7: =IF($D7="","",IF(AND(LEN($AC7)=0,LEN($AK7)=0),"Completa",IF(LEN($AC7)=0,"Revisar: "&LEFT($AK7,LEN($AK7)-2),"Falta: "&LEFT($AC7,LEN($AC7)-2)&IF(LEN($AK7)>0," · Revisar: "&LEFT($AK7,LEN($AK7)-2),"")))) | AE7: =IF(AND($D7<>"",OR($I7="Renuncia (hasta 30 nov)",$I7="Baja (desde 1 dic)",$I7="Renuncia excepcional (art. 25.3)",$I7="Traslado de expediente")),COUNTIF($AE$1:AE6,">0")+1,"") | AF7: =IF($Q7="Disponible",COUNTIF($AF$1:AF6,">0")+1,"") | AG7: =IF($O7="Sí",COUNTIF($AG$1:AG6,">0")+1,"") | AH7: =IF(AND($Q7="Disponible",$O7<>"Sí"),COUNTIF($AH$1:AH6,">0")+1,"") | AI7: =IF(AND($Q7="Disponible",$K7<>""),COUNTIFS($K$2:K7,K7,$Q$2:Q7,"Disponible"),"") | AJ7: =IF(AI7<>"",K7&"|"&AI7,"") | AK7: =IF(AND($Q7="No disponible",OR($R7="Lista de espera · propio centro",$R7="Traslado de expediente",$R7="Lista de espera · otro centro"),$O7="Sí"),"la plaza ya tiene alumno y sigue marcada como refuerzo, ","")&IF(AND($R7="Reconvertida en refuerzo",$O7<>"Sí"),"reconvertida en refuerzo pero sin marcar «En uso como refuerzo», ","")
A8: =IF(D8<>"",ROW()-1,"") | M8: =IF(L8="","",L8) | W8: =IF(Q8="Disponible",COUNTIFS($D$2:D8,D8,$Q$2:Q8,"Disponible"),"") | X8: =IF(W8<>"",D8&"|"&W8,"") | Y8: =IF(X8<>"",IF(K8<>"",K8&" ("&M8&")",M8),"") | Z8: =IF(O8="Sí",COUNTIFS($D$2:D8,D8,$O$2:O8,"Sí"),"") | AA8: =IF(Z8<>"",D8&"|"&Z8,"") | AB8: =IF(AA8<>"",IF(K8<>"",K8&" ("&M8&")",M8),"") | AC8: =IF($B8="","fecha, ","")&IF($C8="","quién lo introduce, ","")&IF($I8="","motivo, ","")&IF($K8="","docente, ","")&IF($L8="","horario, ","")&IF($N8="","duración, ","")&IF($Q8="","estado, ","")&IF(AND($I8="Otros",$J8=""),"detalle del motivo, ","")&IF(AND($O8="Sí",$P8=""),"detalle del refuerzo, ","")&IF(AND(OR($I8="Renuncia (hasta 30 nov)",$I8="Baja (desde 1 dic)",$I8="Renuncia excepcional (art. 25.3)",$I8="Traslado de expediente"),OR($E8="",$F8="",$G8="")),"quién deja la plaza, ","")&IF(AND($Q8="No disponible",$R8=""),"vía de cobertura, ","")&IF(AND(OR($R8="Lista de espera · propio centro",$R8="Traslado de expediente",$R8="Lista de espera · otro centro"),OR($S8="",$T8="",$U8="")),"quién ocupa la plaza, ","") | AD8: =IF($D8="","",IF(AND(LEN($AC8)=0,LEN($AK8)=0),"Completa",IF(LEN($AC8)=0,"Revisar: "&LEFT($AK8,LEN($AK8)-2),"Falta: "&LEFT($AC8,LEN($AC8)-2)&IF(LEN($AK8)>0," · Revisar: "&LEFT($AK8,LEN($AK8)-2),"")))) | AE8: =IF(AND($D8<>"",OR($I8="Renuncia (hasta 30 nov)",$I8="Baja (desde 1 dic)",$I8="Renuncia excepcional (art. 25.3)",$I8="Traslado de expediente")),COUNTIF($AE$1:AE7,">0")+1,"") | AF8: =IF($Q8="Disponible",COUNTIF($AF$1:AF7,">0")+1,"") | AG8: =IF($O8="Sí",COUNTIF($AG$1:AG7,">0")+1,"") | AH8: =IF(AND($Q8="Disponible",$O8<>"Sí"),COUNTIF($AH$1:AH7,">0")+1,"") | AI8: =IF(AND($Q8="Disponible",$K8<>""),COUNTIFS($K$2:K8,K8,$Q$2:Q8,"Disponible"),"") | AJ8: =IF(AI8<>"",K8&"|"&AI8,"") | AK8: =IF(AND($Q8="No disponible",OR($R8="Lista de espera · propio centro",$R8="Traslado de expediente",$R8="Lista de espera · otro centro"),$O8="Sí"),"la plaza ya tiene alumno y sigue marcada como refuerzo, ","")&IF(AND($R8="Reconvertida en refuerzo",$O8<>"Sí"),"reconvertida en refuerzo pero sin marcar «En uso como refuerzo», ","")
A9: =IF(D9<>"",ROW()-1,"") | M9: =IF(L9="","",L9) | W9: =IF(Q9="Disponible",COUNTIFS($D$2:D9,D9,$Q$2:Q9,"Disponible"),"") | X9: =IF(W9<>"",D9&"|"&W9,"") | Y9: =IF(X9<>"",IF(K9<>"",K9&" ("&M9&")",M9),"") | Z9: =IF(O9="Sí",COUNTIFS($D$2:D9,D9,$O$2:O9,"Sí"),"") | AA9: =IF(Z9<>"",D9&"|"&Z9,"") | AB9: =IF(AA9<>"",IF(K9<>"",K9&" ("&M9&")",M9),"") | AC9: =IF($B9="","fecha, ","")&IF($C9="","quién lo introduce, ","")&IF($I9="","motivo, ","")&IF($K9="","docente, ","")&IF($L9="","horario, ","")&IF($N9="","duración, ","")&IF($Q9="","estado, ","")&IF(AND($I9="Otros",$J9=""),"detalle del motivo, ","")&IF(AND($O9="Sí",$P9=""),"detalle del refuerzo, ","")&IF(AND(OR($I9="Renuncia (hasta 30 nov)",$I9="Baja (desde 1 dic)",$I9="Renuncia excepcional (art. 25.3)",$I9="Traslado de expediente"),OR($E9="",$F9="",$G9="")),"quién deja la plaza, ","")&IF(AND($Q9="No disponible",$R9=""),"vía de cobertura, ","")&IF(AND(OR($R9="Lista de espera · propio centro",$R9="Traslado de expediente",$R9="Lista de espera · otro centro"),OR($S9="",$T9="",$U9="")),"quién ocupa la plaza, ","") | AD9: =IF($D9="","",IF(AND(LEN($AC9)=0,LEN($AK9)=0),"Completa",IF(LEN($AC9)=0,"Revisar: "&LEFT($AK9,LEN($AK9)-2),"Falta: "&LEFT($AC9,LEN($AC9)-2)&IF(LEN($AK9)>0," · Revisar: "&LEFT($AK9,LEN($AK9)-2),"")))) | AE9: =IF(AND($D9<>"",OR($I9="Renuncia (hasta 30 nov)",$I9="Baja (desde 1 dic)",$I9="Renuncia excepcional (art. 25.3)",$I9="Traslado de expediente")),COUNTIF($AE$1:AE8,">0")+1,"") | AF9: =IF($Q9="Disponible",COUNTIF($AF$1:AF8,">0")+1,"") | AG9: =IF($O9="Sí",COUNTIF($AG$1:AG8,">0")+1,"") | AH9: =IF(AND($Q9="Disponible",$O9<>"Sí"),COUNTIF($AH$1:AH8,">0")+1,"") | AI9: =IF(AND($Q9="Disponible",$K9<>""),COUNTIFS($K$2:K9,K9,$Q$2:Q9,"Disponible"),"") | AJ9: =IF(AI9<>"",K9&"|"&AI9,"") | AK9: =IF(AND($Q9="No disponible",OR($R9="Lista de espera · propio centro",$R9="Traslado de expediente",$R9="Lista de espera · otro centro"),$O9="Sí"),"la plaza ya tiene alumno y sigue marcada como refuerzo, ","")&IF(AND($R9="Reconvertida en refuerzo",$O9<>"Sí"),"reconvertida en refuerzo pero sin marcar «En uso como refuerzo», ","")
A10: =IF(D10<>"",ROW()-1,"") | M10: =IF(L10="","",L10) | W10: =IF(Q10="Disponible",COUNTIFS($D$2:D10,D10,$Q$2:Q10,"Disponible"),"") | X10: =IF(W10<>"",D10&"|"&W10,"") | Y10: =IF(X10<>"",IF(K10<>"",K10&" ("&M10&")",M10),"") | Z10: =IF(O10="Sí",COUNTIFS($D$2:D10,D10,$O$2:O10,"Sí"),"") | AA10: =IF(Z10<>"",D10&"|"&Z10,"") | AB10: =IF(AA10<>"",IF(K10<>"",K10&" ("&M10&")",M10),"") | AC10: =IF($B10="","fecha, ","")&IF($C10="","quién lo introduce, ","")&IF($I10="","motivo, ","")&IF($K10="","docente, ","")&IF($L10="","horario, ","")&IF($N10="","duración, ","")&IF($Q10="","estado, ","")&IF(AND($I10="Otros",$J10=""),"detalle del motivo, ","")&IF(AND($O10="Sí",$P10=""),"detalle del refuerzo, ","")&IF(AND(OR($I10="Renuncia (hasta 30 nov)",$I10="Baja (desde 1 dic)",$I10="Renuncia excepcional (art. 25.3)",$I10="Traslado de expediente"),OR($E10="",$F10="",$G10="")),"quién deja la plaza, ","")&IF(AND($Q10="No disponible",$R10=""),"vía de cobertura, ","")&IF(AND(OR($R10="Lista de espera · propio centro",$R10="Traslado de expediente",$R10="Lista de espera · otro centro"),OR($S10="",$T10="",$U10="")),"quién ocupa la plaza, ","") | AD10: =IF($D10="","",IF(AND(LEN($AC10)=0,LEN($AK10)=0),"Completa",IF(LEN($AC10)=0,"Revisar: "&LEFT($AK10,LEN($AK10)-2),"Falta: "&LEFT($AC10,LEN($AC10)-2)&IF(LEN($AK10)>0," · Revisar: "&LEFT($AK10,LEN($AK10)-2),"")))) | AE10: =IF(AND($D10<>"",OR($I10="Renuncia (hasta 30 nov)",$I10="Baja (desde 1 dic)",$I10="Renuncia excepcional (art. 25.3)",$I10="Traslado de expediente")),COUNTIF($AE$1:AE9,">0")+1,"") | AF10: =IF($Q10="Disponible",COUNTIF($AF$1:AF9,">0")+1,"") | AG10: =IF($O10="Sí",COUNTIF($AG$1:AG9,">0")+1,"") | AH10: =IF(AND($Q10="Disponible",$O10<>"Sí"),COUNTIF($AH$1:AH9,">0")+1,"") | AI10: =IF(AND($Q10="Disponible",$K10<>""),COUNTIFS($K$2:K10,K10,$Q$2:Q10,"Disponible"),"") | AJ10: =IF(AI10<>"",K10&"|"&AI10,"") | AK10: =IF(AND($Q10="No disponible",OR($R10="Lista de espera · propio centro",$R10="Traslado de expediente",$R10="Lista de espera · otro centro"),$O10="Sí"),"la plaza ya tiene alumno y sigue marcada como refuerzo, ","")&IF(AND($R10="Reconvertida en refuerzo",$O10<>"Sí"),"reconvertida en refuerzo pero sin marcar «En uso como refuerzo», ","")
A11: =IF(D11<>"",ROW()-1,"") | M11: =IF(L11="","",L11) | W11: =IF(Q11="Disponible",COUNTIFS($D$2:D11,D11,$Q$2:Q11,"Disponible"),"") | X11: =IF(W11<>"",D11&"|"&W11,"") | Y11: =IF(X11<>"",IF(K11<>"",K11&" ("&M11&")",M11),"") | Z11: =IF(O11="Sí",COUNTIFS($D$2:D11,D11,$O$2:O11,"Sí"),"") | AA11: =IF(Z11<>"",D11&"|"&Z11,"") | AB11: =IF(AA11<>"",IF(K11<>"",K11&" ("&M11&")",M11),"") | AC11: =IF($B11="","fecha, ","")&IF($C11="","quién lo introduce, ","")&IF($I11="","motivo, ","")&IF($K11="","docente, ","")&IF($L11="","horario, ","")&IF($N11="","duración, ","")&IF($Q11="","estado, ","")&IF(AND($I11="Otros",$J11=""),"detalle del motivo, ","")&IF(AND($O11="Sí",$P11=""),"detalle del refuerzo, ","")&IF(AND(OR($I11="Renuncia (hasta 30 nov)",$I11="Baja (desde 1 dic)",$I11="Renuncia excepcional (art. 25.3)",$I11="Traslado de expediente"),OR($E11="",$F11="",$G11="")),"quién deja la plaza, ","")&IF(AND($Q11="No disponible",$R11=""),"vía de cobertura, ","")&IF(AND(OR($R11="Lista de espera · propio centro",$R11="Traslado de expediente",$R11="Lista de espera · otro centro"),OR($S11="",$T11="",$U11="")),"quién ocupa la plaza, ","") | AD11: =IF($D11="","",IF(AND(LEN($AC11)=0,LEN($AK11)=0),"Completa",IF(LEN($AC11)=0,"Revisar: "&LEFT($AK11,LEN($AK11)-2),"Falta: "&LEFT($AC11,LEN($AC11)-2)&IF(LEN($AK11)>0," · Revisar: "&LEFT($AK11,LEN($AK11)-2),"")))) | AE11: =IF(AND($D11<>"",OR($I11="Renuncia (hasta 30 nov)",$I11="Baja (desde 1 dic)",$I11="Renuncia excepcional (art. 25.3)",$I11="Traslado de expediente")),COUNTIF($AE$1:AE10,">0")+1,"") | AF11: =IF($Q11="Disponible",COUNTIF($AF$1:AF10,">0")+1,"") | AG11: =IF($O11="Sí",COUNTIF($AG$1:AG10,">0")+1,"") | AH11: =IF(AND($Q11="Disponible",$O11<>"Sí"),COUNTIF($AH$1:AH10,">0")+1,"") | AI11: =IF(AND($Q11="Disponible",$K11<>""),COUNTIFS($K$2:K11,K11,$Q$2:Q11,"Disponible"),"") | AJ11: =IF(AI11<>"",K11&"|"&AI11,"") | AK11: =IF(AND($Q11="No disponible",OR($R11="Lista de espera · propio centro",$R11="Traslado de expediente",$R11="Lista de espera · otro centro"),$O11="Sí"),"la plaza ya tiene alumno y sigue marcada como refuerzo, ","")&IF(AND($R11="Reconvertida en refuerzo",$O11<>"Sí"),"reconvertida en refuerzo pero sin marcar «En uso como refuerzo», ","")
A12: =IF(D12<>"",ROW()-1,"") | M12: =IF(L12="","",L12) | W12: =IF(Q12="Disponible",COUNTIFS($D$2:D12,D12,$Q$2:Q12,"Disponible"),"") | X12: =IF(W12<>"",D12&"|"&W12,"") | Y12: =IF(X12<>"",IF(K12<>"",K12&" ("&M12&")",M12),"") | Z12: =IF(O12="Sí",COUNTIFS($D$2:D12,D12,$O$2:O12,"Sí"),"") | AA12: =IF(Z12<>"",D12&"|"&Z12,"") | AB12: =IF(AA12<>"",IF(K12<>"",K12&" ("&M12&")",M12),"") | AC12: =IF($B12="","fecha, ","")&IF($C12="","quién lo introduce, ","")&IF($I12="","motivo, ","")&IF($K12="","docente, ","")&IF($L12="","horario, ","")&IF($N12="","duración, ","")&IF($Q12="","estado, ","")&IF(AND($I12="Otros",$J12=""),"detalle del motivo, ","")&IF(AND($O12="Sí",$P12=""),"detalle del refuerzo, ","")&IF(AND(OR($I12="Renuncia (hasta 30 nov)",$I12="Baja (desde 1 dic)",$I12="Renuncia excepcional (art. 25.3)",$I12="Traslado de expediente"),OR($E12="",$F12="",$G12="")),"quién deja la plaza, ","")&IF(AND($Q12="No disponible",$R12=""),"vía de cobertura, ","")&IF(AND(OR($R12="Lista de espera · propio centro",$R12="Traslado de expediente",$R12="Lista de espera · otro centro"),OR($S12="",$T12="",$U12="")),"quién ocupa la plaza, ","") | AD12: =IF($D12="","",IF(AND(LEN($AC12)=0,LEN($AK12)=0),"Completa",IF(LEN($AC12)=0,"Revisar: "&LEFT($AK12,LEN($AK12)-2),"Falta: "&LEFT($AC12,LEN($AC12)-2)&IF(LEN($AK12)>0," · Revisar: "&LEFT($AK12,LEN($AK12)-2),"")))) | AE12: =IF(AND($D12<>"",OR($I12="Renuncia (hasta 30 nov)",$I12="Baja (desde 1 dic)",$I12="Renuncia excepcional (art. 25.3)",$I12="Traslado de expediente")),COUNTIF($AE$1:AE11,">0")+1,"") | AF12: =IF($Q12="Disponible",COUNTIF($AF$1:AF11,">0")+1,"") | AG12: =IF($O12="Sí",COUNTIF($AG$1:AG11,">0")+1,"") | AH12: =IF(AND($Q12="Disponible",$O12<>"Sí"),COUNTIF($AH$1:AH11,">0")+1,"") | AI12: =IF(AND($Q12="Disponible",$K12<>""),COUNTIFS($K$2:K12,K12,$Q$2:Q12,"Disponible"),"") | AJ12: =IF(AI12<>"",K12&"|"&AI12,"") | AK12: =IF(AND($Q12="No disponible",OR($R12="Lista de espera · propio centro",$R12="Traslado de expediente",$R12="Lista de espera · otro centro"),$O12="Sí"),"la plaza ya tiene alumno y sigue marcada como refuerzo, ","")&IF(AND($R12="Reconvertida en refuerzo",$O12<>"Sí"),"reconvertida en refuerzo pero sin marcar «En uso como refuerzo», ","")
A13: =IF(D13<>"",ROW()-1,"") | M13: =IF(L13="","",L13) | W13: =IF(Q13="Disponible",COUNTIFS($D$2:D13,D13,$Q$2:Q13,"Disponible"),"") | X13: =IF(W13<>"",D13&"|"&W13,"") | Y13: =IF(X13<>"",IF(K13<>"",K13&" ("&M13&")",M13),"") | Z13: =IF(O13="Sí",COUNTIFS($D$2:D13,D13,$O$2:O13,"Sí"),"") | AA13: =IF(Z13<>"",D13&"|"&Z13,"") | AB13: =IF(AA13<>"",IF(K13<>"",K13&" ("&M13&")",M13),"") | AC13: =IF($B13="","fecha, ","")&IF($C13="","quién lo introduce, ","")&IF($I13="","motivo, ","")&IF($K13="","docente, ","")&IF($L13="","horario, ","")&IF($N13="","duración, ","")&IF($Q13="","estado, ","")&IF(AND($I13="Otros",$J13=""),"detalle del motivo, ","")&IF(AND($O13="Sí",$P13=""),"detalle del refuerzo, ","")&IF(AND(OR($I13="Renuncia (hasta 30 nov)",$I13="Baja (desde 1 dic)",$I13="Renuncia excepcional (art. 25.3)",$I13="Traslado de expediente"),OR($E13="",$F13="",$G13="")),"quién deja la plaza, ","")&IF(AND($Q13="No disponible",$R13=""),"vía de cobertura, ","")&IF(AND(OR($R13="Lista de espera · propio centro",$R13="Traslado de expediente",$R13="Lista de espera · otro centro"),OR($S13="",$T13="",$U13="")),"quién ocupa la plaza, ","") | AD13: =IF($D13="","",IF(AND(LEN($AC13)=0,LEN($AK13)=0),"Completa",IF(LEN($AC13)=0,"Revisar: "&LEFT($AK13,LEN($AK13)-2),"Falta: "&LEFT($AC13,LEN($AC13)-2)&IF(LEN($AK13)>0," · Revisar: "&LEFT($AK13,LEN($AK13)-2),"")))) | AE13: =IF(AND($D13<>"",OR($I13="Renuncia (hasta 30 nov)",$I13="Baja (desde 1 dic)",$I13="Renuncia excepcional (art. 25.3)",$I13="Traslado de expediente")),COUNTIF($AE$1:AE12,">0")+1,"") | AF13: =IF($Q13="Disponible",COUNTIF($AF$1:AF12,">0")+1,"") | AG13: =IF($O13="Sí",COUNTIF($AG$1:AG12,">0")+1,"") | AH13: =IF(AND($Q13="Disponible",$O13<>"Sí"),COUNTIF($AH$1:AH12,">0")+1,"") | AI13: =IF(AND($Q13="Disponible",$K13<>""),COUNTIFS($K$2:K13,K13,$Q$2:Q13,"Disponible"),"") | AJ13: =IF(AI13<>"",K13&"|"&AI13,"") | AK13: =IF(AND($Q13="No disponible",OR($R13="Lista de espera · propio centro",$R13="Traslado de expediente",$R13="Lista de espera · otro centro"),$O13="Sí"),"la plaza ya tiene alumno y sigue marcada como refuerzo, ","")&IF(AND($R13="Reconvertida en refuerzo",$O13<>"Sí"),"reconvertida en refuerzo pero sin marcar «En uso como refuerzo», ","")
... A501: =IF(D501<>"",ROW()-1,"") | M501: =IF(L501="","",L501) | W501: =IF(Q501="Disponible",COUNTIFS($D$2:D501,D501,$Q$2:Q501,"Disponible"),"") | X501: =IF(W501<>"",D501&"|"&W501,"") | Y501: =IF(X501<>"",IF(K501<>"",K501&" ("&M501&")",M501),"") | Z501: =IF(O501="Sí",COUNTIFS($D$2:D501,D501,$O$2:O501,"Sí"),"") | AA501: =IF(Z501<>"",D501&"|"&Z501,"") | AB501: =IF(AA501<>"",IF(K501<>"",K501&" ("&M501&")",M501),"") | AC501: =IF($B501="","fecha, ","")&IF($C501="","quién lo introduce, ","")&IF($I501="","motivo, ","")&IF($K501="","docente, ","")&IF($L501="","horario, ","")&IF($N501="","duración, ","")&IF($Q501="","estado, ","")&IF(AND($I501="Otros",$J501=""),"detalle del motivo, ","")&IF(AND($O501="Sí",$P501=""),"detalle del refuerzo, ","")&IF(AND(OR($I501="Renuncia (hasta 30 nov)",$I501="Baja (desde 1 dic)",$I501="Renuncia excepcional (art. 25.3)",$I501="Traslado de expediente"),OR($E501="",$F501="",$G501="")),"quién deja la plaza, ","")&IF(AND($Q501="No disponible",$R501=""),"vía de cobertura, ","")&IF(AND(OR($R501="Lista de espera · propio centro",$R501="Traslado de expediente",$R501="Lista de espera · otro centro"),OR($S501="",$T501="",$U501="")),"quién ocupa la plaza, ","") | AD501: =IF($D501="","",IF(AND(LEN($AC501)=0,LEN($AK501)=0),"Completa",IF(LEN($AC501)=0,"Revisar: "&LEFT($AK501,LEN($AK501)-2),"Falta: "&LEFT($AC501,LEN($AC501)-2)&IF(LEN($AK501)>0," · Revisar: "&LEFT($AK501,LEN($AK501)-2),"")))) | AE501: =IF(AND($D501<>"",OR($I501="Renuncia (hasta 30 nov)",$I501="Baja (desde 1 dic)",$I501="Renuncia excepcional (art. 25.3)",$I501="Traslado de expediente")),COUNTIF($AE$1:AE500,">0")+1,"") | AF501: =IF($Q501="Disponible",COUNTIF($AF$1:AF500,">0")+1,"") | AG501: =IF($O501="Sí",COUNTIF($AG$1:AG500,">0")+1,"") | AH501: =IF(AND($Q501="Disponible",$O501<>"Sí"),COUNTIF($AH$1:AH500,">0")+1,"") | AI501: =IF(AND($Q501="Disponible",$K501<>""),COUNTIFS($K$2:K501,K501,$Q$2:Q501,"Disponible"),"") | AJ501: =IF(AI501<>"",K501&"|"&AI501,"") | AK501: =IF(AND($Q501="No disponible",OR($R501="Lista de espera · propio centro",$R501="Traslado de expediente",$R501="Lista de espera · otro centro"),$O501="Sí"),"la plaza ya tiene alumno y sigue marcada como refuerzo, ","")&IF(AND($R501="Reconvertida en refuerzo",$O501<>"Sí"),"reconvertida en refuerzo pero sin marcar «En uso como refuerzo», ","")

Sheet Aux
A1: Especialidad | B1: Slot 1 | C1: Slot 2 | D1: Slot 3 | E1: Slot 4 | F1: Slot 5 | G1: Slot 6 | H1: Slot 7 | I1: Slot 8 | J1: Slot 9 | K1: Slot 10 | L1: Slot 11 | M1: Slot 12
A2: ACORDEÓN | B2: =IFERROR(INDEX(Registro!$Y$2:$Y$501,MATCH($A2&"|"&1,Registro!$X$2:$X$501,0)),"") | C2: =IFERROR(INDEX(Registro!$Y$2:$Y$501,MATCH($A2&"|"&2,Registro!$X$2:$X$501,0)),"") | D2: =IFERROR(INDEX(Registro!$Y$2:$Y$501,MATCH($A2&"|"&3,Registro!$X$2:$X$501,0)),"") | E2: =IFERROR(INDEX(Registro!$Y$2:$Y$501,MATCH($A2&"|"&4,Registro!$X$2:$X$501,0)),"") | F2: =IFERROR(INDEX(Registro!$Y$2:$Y$501,MATCH($A2&"|"&5,Registro!$X$2:$X$501,0)),"") | G2: =IFERROR(INDEX(Registro!$Y$2:$Y$501,MATCH($A2&"|"&6,Registro!$X$2:$X$501,0)),"") | H2: =IFERROR(INDEX(Registro!$Y$2:$Y$501,MATCH($A2&"|"&7,Registro!$X$2:$X$501,0)),"") | I2: =IFERROR(INDEX(Registro!$Y$2:$Y$501,MATCH($A2&"|"&8,Registro!$X$2:$X$501,0)),"") | J2: =IFERROR(INDEX(Registro!$Y$2:$Y$501,MATCH($A2&"|"&9,Registro!$X$2:$X$501,0)),"") | K2: =IFERROR(INDEX(Registro!$Y$2:$Y$501,MATCH($A2&"|"&10,Registro!$X$2:$X$501,0)),"") | L2: =IFERROR(INDEX(Registro!$Y$2:$Y$501,MATCH($A2&"|"&11,Registro!$X$2:$X$501,0)),"") | M2: =IFERROR(INDEX(Registro!$Y$2:$Y$501,MATCH($A2&"|"&12,Registro!$X$2:$X$501,0)),"")
A3: ARPA | B3: =IFERROR(INDEX(Registro!$Y$2:$Y$501,MATCH($A3&"|"&1,Registro!$X$2:$X$501,0)),"") | C3: =IFERROR(INDEX(Registro!$Y$2:$Y$501,MATCH($A3&"|"&2,Registro!$X$2:$X$501,0)),"") | D3: =IFERROR(INDEX(Registro!$Y$2:$Y$501,MATCH($A3&"|"&3,Registro!$X$2:$X$501,0)),"") | E3: =IFERROR(INDEX(Registro!$Y$2:$Y$501,MATCH($A3&"|"&4,Registro!$X$2:$X$501,0)),"") | F3: =IFERROR(INDEX(Registro!$Y$2:$Y$501,MATCH($A3&"|"&5,Registro!$X$2:$X$501,0)),"") | G3: =IFERROR(INDEX(Registro!$Y$2:$Y$501,MATCH($A3&"|"&6,Registro!$X$2:$X$501,0)),"") | H3: =IFERROR(INDEX(Registro!$Y$2:$Y$501,MATCH($A3&"|"&7,Registro!$X$2:$X$501,0)),"") | I3: =IFERROR(INDEX(Registro!$Y$2:$Y$501,MATCH($A3&"|"&8,Registro!$X$2:$X$501,0)),"") | J3: =IFERROR(INDEX(Registro!$Y$2:$Y$501,MATCH($A3&"|"&9,Registro!$X$2:$X$501,0)),"") | K3: =IFERROR(INDEX(Registro!$Y$2:$Y$501,MATCH($A3&"|"&10,Registro!$X$2:$X$501,0)),"") | L3: =IFERROR(INDEX(Registro!$Y$2:$Y$501,MATCH($A3&"|"&11,Registro!$X$2:$X$501,0)),"") | M3: =IFERROR(INDEX(Registro!$Y$2:$Y$501,MATCH($A3&"|"&12,Registro!$X$2:$X$501,0)),"")
A4: BAJO ELÉCTRICO | B4: =IFERROR(INDEX(Registro!$Y$2:$Y$501,MATCH($A4&"|"&1,Registro!$X$2:$X$501,0)),"") | C4: =IFERROR(INDEX(Registro!$Y$2:$Y$501,MATCH($A4&"|"&2,Registro!$X$2:$X$501,0)),"") | D4: =IFERROR(INDEX(Registro!$Y$2:$Y$501,MATCH($A4&"|"&3,Registro!$X$2:$X$501,0)),"") | E4: =IFERROR(INDEX(Registro!$Y$2:$Y$501,MATCH($A4&"|"&4,Registro!$X$2:$X$501,0)),"") | F4: =IFERROR(INDEX(Registro!$Y$2:$Y$501,MATCH($A4&"|"&5,Registro!$X$2:$X$501,0)),"") | G4: =IFERROR(INDEX(Registro!$Y$2:$Y$501,MATCH($A4&"|"&6,Registro!$X$2:$X$501,0)),"") | H4: =IFERROR(INDEX(Registro!$Y$2:$Y$501,MATCH($A4&"|"&7,Registro!$X$2:$X$501,0)),"") | I4: =IFERROR(INDEX(Registro!$Y$2:$Y$501,MATCH($A4&"|"&8,Registro!$X$2:$X$501,0)),"") | J4: =IFERROR(INDEX(Registro!$Y$2:$Y$501,MATCH($A4&"|"&9,Registro!$X$2:$X$501,0)),"") | K4: =IFERROR(INDEX(Registro!$Y$2:$Y$501,MATCH($A4&"|"&10,Registro!$X$2:$X$501,0)),"") | L4: =IFERROR(INDEX(Registro!$Y$2:$Y$501,MATCH($A4&"|"&11,Registro!$X$2:$X$501,0)),"") | M4: =IFERROR(INDEX(Registro!$Y$2:$Y$501,MATCH($A4&"|"&12,Registro!$X$2:$X$501,0)),"")
A5: CANTO | B5: =IFERROR(INDEX(Registro!$Y$2:$Y$501,MATCH($A5&"|"&1,Registro!$X$2:$X$501,0)),"") | C5: =IFERROR(INDEX(Registro!$Y$2:$Y$501,MATCH($A5&"|"&2,Registro!$X$2:$X$501,0)),"") | D5: =IFERROR(INDEX(Registro!$Y$2:$Y$501,MATCH($A5&"|"&3,Registro!$X$2:$X$501,0)),"") | E5: =IFERROR(INDEX(Registro!$Y$2:$Y$501,MATCH($A5&"|"&4,Registro!$X$2:$X$501,0)),"") | F5: =IFERROR(INDEX(Registro!$Y$2:$Y$501,MATCH($A5&"|"&5,Registro!$X$2:$X$501,0)),"") | G5: =IFERROR(INDEX(Registro!$Y$2:$Y$501,MATCH($A5&"|"&6,Registro!$X$2:$X$501,0)),"") | H5: =IFERROR(INDEX(Registro!$Y$2:$Y$501,MATCH($A5&"|"&7,Registro!$X$2:$X$501,0)),"") | I5: =IFERROR(INDEX(Registro!$Y$2:$Y$501,MATCH($A5&"|"&8,Registro!$X$2:$X$501,0)),"") | J5: =IFERROR(INDEX(Registro!$Y$2:$Y$501,MATCH($A5&"|"&9,Registro!$X$2:$X$501,0)),"") | K5: =IFERROR(INDEX(Registro!$Y$2:$Y$501,MATCH($A5&"|"&10,Registro!$X$2:$X$501,0)),"") | L5: =IFERROR(INDEX(Registro!$Y$2:$Y$501,MATCH($A5&"|"&11,Registro!$X$2:$X$501,0)),"") | M5: =IFERROR(INDEX(Registro!$Y$2:$Y$501,MATCH($A5&"|"&12,Registro!$X$2:$X$501,0)),"")
A6: CANTO VALENCIANO | B6: =IFERROR(INDEX(Registro!$Y$2:$Y$501,MATCH($A6&"|"&1,Registro!$X$2:$X$501,0)),"") | C6: =IFERROR(INDEX(Registro!$Y$2:$Y$501,MATCH($A6&"|"&2,Registro!$X$2:$X$501,0)),"") | D6: =IFERROR(INDEX(Registro!$Y$2:$Y$501,MATCH($A6&"|"&3,Registro!$X$2:$X$501,0)),"") | E6: =IFERROR(INDEX(Registro!$Y$2:$Y$501,MATCH($A6&"|"&4,Registro!$X$2:$X$501,0)),"") | F6: =IFERROR(INDEX(Registro!$Y$2:$Y$501,MATCH($A6&"|"&5,Registro!$X$2:$X$501,0)),"") | G6: =IFERROR(INDEX(Registro!$Y$2:$Y$501,MATCH($A6&"|"&6,Registro!$X$2:$X$501,0)),"") | H6: =IFERROR(INDEX(Registro!$Y$2:$Y$501,MATCH($A6&"|"&7,Registro!$X$2:$X$501,0)),"") | I6: =IFERROR(INDEX(Registro!$Y$2:$Y$501,MATCH($A6&"|"&8,Registro!$X$2:$X$501,0)),"") | J6: =IFERROR(INDEX(Registro!$Y$2:$Y$501,MATCH($A6&"|"&9,Registro!$X$2:$X$501,0)),"") | K6: =IFERROR(INDEX(Registro!$Y$2:$Y$501,MATCH($A6&"|"&10,Registro!$X$2:$X$501,0)),"") | L6: =IFERROR(INDEX(Registro!$Y$2:$Y$501,MATCH($A6&"|"&11,Registro!$X$2:$X$501,0)),"") | M6: =IFERROR(INDEX(Registro!$Y$2:$Y$501,MATCH($A6&"|"&12,Registro!$X$2:$X$501,0)),"")
A7: CLARINETE | B7: =IFERROR(INDEX(Registro!$Y$2:$Y$501,MATCH($A7&"|"&1,Registro!$X$2:$X$501,0)),"") | C7: =IFERROR(INDEX(Registro!$Y$2:$Y$501,MATCH($A7&"|"&2,Registro!$X$2:$X$501,0)),"") | D7: =IFERROR(INDEX(Registro!$Y$2:$Y$501,MATCH($A7&"|"&3,Registro!$X$2:$X$501,0)),"") | E7: =IFERROR(INDEX(Registro!$Y$2:$Y$501,MATCH($A7&"|"&4,Registro!$X$2:$X$501,0)),"") | F7: =IFERROR(INDEX(Registro!$Y$2:$Y$501,MATCH($A7&"|"&5,Registro!$X$2:$X$501,0)),"") | G7: =IFERROR(INDEX(Registro!$Y$2:$Y$501,MATCH($A7&"|"&6,Registro!$X$2:$X$501,0)),"") | H7: =IFERROR(INDEX(Registro!$Y$2:$Y$501,MATCH($A7&"|"&7,Registro!$X$2:$X$501,0)),"") | I7: =IFERROR(INDEX(Registro!$Y$2:$Y$501,MATCH($A7&"|"&8,Registro!$X$2:$X$501,0)),"") | J7: =IFERROR(INDEX(Registro!$Y$2:$Y$501,MATCH($A7&"|"&9,Registro!$X$2:$X$501,0)),"") | K7: =IFERROR(INDEX(Registro!$Y$2:$Y$501,MATCH($A7&"|"&10,Registro!$X$2:$X$501,0)),"") | L7: =IFERROR(INDEX(Registro!$Y$2:$Y$501,MATCH($A7&"|"&11,Registro!$X$2:$X$501,0)),"") | M7: =IFERROR(INDEX(Registro!$Y$2:$Y$501,MATCH($A7&"|"&12,Registro!$X$2:$X$501,0)),"")
A8: CLAVICÉMBALO | B8: =IFERROR(INDEX(Registro!$Y$2:$Y$501,MATCH($A8&"|"&1,Registro!$X$2:$X$501,0)),"") | C8: =IFERROR(INDEX(Registro!$Y$2:$Y$501,MATCH($A8&"|"&2,Registro!$X$2:$X$501,0)),"") | D8: =IFERROR(INDEX(Registro!$Y$2:$Y$501,MATCH($A8&"|"&3,Registro!$X$2:$X$501,0)),"") | E8: =IFERROR(INDEX(Registro!$Y$2:$Y$501,MATCH($A8&"|"&4,Registro!$X$2:$X$501,0)),"") | F8: =IFERROR(INDEX(Registro!$Y$2:$Y$501,MATCH($A8&"|"&5,Registro!$X$2:$X$501,0)),"") | G8: =IFERROR(INDEX(Registro!$Y$2:$Y$501,MATCH($A8&"|"&6,Registro!$X$2:$X$501,0)),"") | H8: =IFERROR(INDEX(Registro!$Y$2:$Y$501,MATCH($A8&"|"&7,Registro!$X$2:$X$501,0)),"") | I8: =IFERROR(INDEX(Registro!$Y$2:$Y$501,MATCH($A8&"|"&8,Registro!$X$2:$X$501,0)),"") | J8: =IFERROR(INDEX(Registro!$Y$2:$Y$501,MATCH($A8&"|"&9,Registro!$X$2:$X$501,0)),"") | K8: =IFERROR(INDEX(Registro!$Y$2:$Y$501,MATCH($A8&"|"&10,Registro!$X$2:$X$501,0)),"") | L8: =IFERROR(INDEX(Registro!$Y$2:$Y$501,MATCH($A8&"|"&11,Registro!$X$2:$X$501,0)),"") | M8: =IFERROR(INDEX(Registro!$Y$2:$Y$501,MATCH($A8&"|"&12,Registro!$X$2:$X$501,0)),"")
A9: CONTRABAJO | B9: =IFERROR(INDEX(Registro!$Y$2:$Y$501,MATCH($A9&"|"&1,Registro!$X$2:$X$501,0)),"") | C9: =IFERROR(INDEX(Registro!$Y$2:$Y$501,MATCH($A9&"|"&2,Registro!$X$2:$X$501,0)),"") | D9: =IFERROR(INDEX(Registro!$Y$2:$Y$501,MATCH($A9&"|"&3,Registro!$X$2:$X$501,0)),"") | E9: =IFERROR(INDEX(Registro!$Y$2:$Y$501,MATCH($A9&"|"&4,Registro!$X$2:$X$501,0)),"") | F9: =IFERROR(INDEX(Registro!$Y$2:$Y$501,MATCH($A9&"|"&5,Registro!$X$2:$X$501,0)),"") | G9: =IFERROR(INDEX(Registro!$Y$2:$Y$501,MATCH($A9&"|"&6,Registro!$X$2:$X$501,0)),"") | H9: =IFERROR(INDEX(Registro!$Y$2:$Y$501,MATCH($A9&"|"&7,Registro!$X$2:$X$501,0)),"") | I9: =IFERROR(INDEX(Registro!$Y$2:$Y$501,MATCH($A9&"|"&8,Registro!$X$2:$X$501,0)),"") | J9: =IFERROR(INDEX(Registro!$Y$2:$Y$501,MATCH($A9&"|"&9,Registro!$X$2:$X$501,0)),"") | K9: =IFERROR(INDEX(Registro!$Y$2:$Y$501,MATCH($A9&"|"&10,Registro!$X$2:$X$501,0)),"") | L9: =IFERROR(INDEX(Registro!$Y$2:$Y$501,MATCH($A9&"|"&11,Registro!$X$2:$X$501,0)),"") | M9: =IFERROR(INDEX(Registro!$Y$2:$Y$501,MATCH($A9&"|"&12,Registro!$X$2:$X$501,0)),"")
A10: DOLÇAINA | B10: =IFERROR(INDEX(Registro!$Y$2:$Y$501,MATCH($A10&"|"&1,Registro!$X$2:$X$501,0)),"") | C10: =IFERROR(INDEX(Registro!$Y$2:$Y$501,MATCH($A10&"|"&2,Registro!$X$2:$X$501,0)),"") | D10: =IFERROR(INDEX(Registro!$Y$2:$Y$501,MATCH($A10&"|"&3,Registro!$X$2:$X$501,0)),"") | E10: =IFERROR(INDEX(Registro!$Y$2:$Y$501,MATCH($A10&"|"&4,Registro!$X$2:$X$501,0)),"") | F10: =IFERROR(INDEX(Registro!$Y$2:$Y$501,MATCH($A10&"|"&5,Registro!$X$2:$X$501,0)),"") | G10: =IFERROR(INDEX(Registro!$Y$2:$Y$501,MATCH($A10&"|"&6,Registro!$X$2:$X$501,0)),"") | H10: =IFERROR(INDEX(Registro!$Y$2:$Y$501,MATCH($A10&"|"&7,Registro!$X$2:$X$501,0)),"") | I10: =IFERROR(INDEX(Registro!$Y$2:$Y$501,MATCH($A10&"|"&8,Registro!$X$2:$X$501,0)),"") | J10: =IFERROR(INDEX(Registro!$Y$2:$Y$501,MATCH($A10&"|"&9,Registro!$X$2:$X$501,0)),"") | K10: =IFERROR(INDEX(Registro!$Y$2:$Y$501,MATCH($A10&"|"&10,Registro!$X$2:$X$501,0)),"") | L10: =IFERROR(INDEX(Registro!$Y$2:$Y$501,MATCH($A10&"|"&11,Registro!$X$2:$X$501,0)),"") | M10: =IFERROR(INDEX(Registro!$Y$2:$Y$501,MATCH($A10&"|"&12,Registro!$X$2:$X$501,0)),"")
A11: FAGOT | B11: =IFERROR(INDEX(Registro!$Y$2:$Y$501,MATCH($A11&"|"&1,Registro!$X$2:$X$501,0)),"") | C11: =IFERROR(INDEX(Registro!$Y$2:$Y$501,MATCH($A11&"|"&2,Registro!$X$2:$X$501,0)),"") | D11: =IFERROR(INDEX(Registro!$Y$2:$Y$501,MATCH($A11&"|"&3,Registro!$X$2:$X$501,0)),"") | E11: =IFERROR(INDEX(Registro!$Y$2:$Y$501,MATCH($A11&"|"&4,Registro!$X$2:$X$501,0)),"") | F11: =IFERROR(INDEX(Registro!$Y$2:$Y$501,MATCH($A11&"|"&5,Registro!$X$2:$X$501,0)),"") | G11: =IFERROR(INDEX(Registro!$Y$2:$Y$501,MATCH($A11&"|"&6,Registro!$X$2:$X$501,0)),"") | H11: =IFERROR(INDEX(Registro!$Y$2:$Y$501,MATCH($A11&"|"&7,Registro!$X$2:$X$501,0)),"") | I11: =IFERROR(INDEX(Registro!$Y$2:$Y$501,MATCH($A11&"|"&8,Registro!$X$2:$X$501,0)),"") | J11: =IFERROR(INDEX(Registro!$Y$2:$Y$501,MATCH($A11&"|"&9,Registro!$X$2:$X$501,0)),"") | K11: =IFERROR(INDEX(Registro!$Y$2:$Y$501,MATCH($A11&"|"&10,Registro!$X$2:$X$501,0)),"") | L11: =IFERROR(INDEX(Registro!$Y$2:$Y$501,MATCH($A11&"|"&11,Registro!$X$2:$X$501,0)),"") | M11: =IFERROR(INDEX(Registro!$Y$2:$Y$501,MATCH($A11&"|"&12,Registro!$X$2:$X$501,0)),"")
A12: FLAUTA DE PICO | B12: =IFERROR(INDEX(Registro!$Y$2:$Y$501,MATCH($A12&"|"&1,Registro!$X$2:$X$501,0)),"") | C12: =IFERROR(INDEX(Registro!$Y$2:$Y$501,MATCH($A12&"|"&2,Registro!$X$2:$X$501,0)),"") | D12: =IFERROR(INDEX(Registro!$Y$2:$Y$501,MATCH($A12&"|"&3,Registro!$X$2:$X$501,0)),"") | E12: =IFERROR(INDEX(Registro!$Y$2:$Y$501,MATCH($A12&"|"&4,Registro!$X$2:$X$501,0)),"") | F12: =IFERROR(INDEX(Registro!$Y$2:$Y$501,MATCH($A12&"|"&5,Registro!$X$2:$X$501,0)),"") | G12: =IFERROR(INDEX(Registro!$Y$2:$Y$501,MATCH($A12&"|"&6,Registro!$X$2:$X$501,0)),"") | H12: =IFERROR(INDEX(Registro!$Y$2:$Y$501,MATCH($A12&"|"&7,Registro!$X$2:$X$501,0)),"") | I12: =IFERROR(INDEX(Registro!$Y$2:$Y$501,MATCH($A12&"|"&8,Registro!$X$2:$X$501,0)),"") | J12: =IFERROR(INDEX(Registro!$Y$2:$Y$501,MATCH($A12&"|"&9,Registro!$X$2:$X$501,0)),"") | K12: =IFERROR(INDEX(Registro!$Y$2:$Y$501,MATCH($A12&"|"&10,Registro!$X$2:$X$501,0)),"") | L12: =IFERROR(INDEX(Registro!$Y$2:$Y$501,MATCH($A12&"|"&11,Registro!$X$2:$X$501,0)),"") | M12: =IFERROR(INDEX(Registro!$Y$2:$Y$501,MATCH($A12&"|"&12,Registro!$X$2:$X$501,0)),"")
A13: FLAUTA TRAVERSA | B13: =IFERROR(INDEX(Registro!$Y$2:$Y$501,MATCH($A13&"|"&1,Registro!$X$2:$X$501,0)),"") | C13: =IFERROR(INDEX(Registro!$Y$2:$Y$501,MATCH($A13&"|"&2,Registro!$X$2:$X$501,0)),"") | D13: =IFERROR(INDEX(Registro!$Y$2:$Y$501,MATCH($A13&"|"&3,Registro!$X$2:$X$501,0)),"") | E13: =IFERROR(INDEX(Registro!$Y$2:$Y$501,MATCH($A13&"|"&4,Registro!$X$2:$X$501,0)),"") | F13: =IFERROR(INDEX(Registro!$Y$2:$Y$501,MATCH($A13&"|"&5,Registro!$X$2:$X$501,0)),"") | G13: =IFERROR(INDEX(Registro!$Y$2:$Y$501,MATCH($A13&"|"&6,Registro!$X$2:$X$501,0)),"") | H13: =IFERROR(INDEX(Registro!$Y$2:$Y$501,MATCH($A13&"|"&7,Registro!$X$2:$X$501,0)),"") | I13: =IFERROR(INDEX(Registro!$Y$2:$Y$501,MATCH($A13&"|"&8,Registro!$X$2:$X$501,0)),"") | J13: =IFERROR(INDEX(Registro!$Y$2:$Y$501,MATCH($A13&"|"&9,Registro!$X$2:$X$501,0)),"") | K13: =IFERROR(INDEX(Registro!$Y$2:$Y$501,MATCH($A13&"|"&10,Registro!$X$2:$X$501,0)),"") | L13: =IFERROR(INDEX(Registro!$Y$2:$Y$501,MATCH($A13&"|"&11,Registro!$X$2:$X$501,0)),"") | M13: =IFERROR(INDEX(Registro!$Y$2:$Y$501,MATCH($A13&"|"&12,Registro!$X$2:$X$501,0)),"")
... A30: VIOLONCHELO | B30: =IFERROR(INDEX(Registro!$Y$2:$Y$501,MATCH($A30&"|"&1,Registro!$X$2:$X$501,0)),"") | C30: =IFERROR(INDEX(Registro!$Y$2:$Y$501,MATCH($A30&"|"&2,Registro!$X$2:$X$501,0)),"") | D30: =IFERROR(INDEX(Registro!$Y$2:$Y$501,MATCH($A30&"|"&3,Registro!$X$2:$X$501,0)),"") | E30: =IFERROR(INDEX(Registro!$Y$2:$Y$501,MATCH($A30&"|"&4,Registro!$X$2:$X$501,0)),"") | F30: =IFERROR(INDEX(Registro!$Y$2:$Y$501,MATCH($A30&"|"&5,Registro!$X$2:$X$501,0)),"") | G30: =IFERROR(INDEX(Registro!$Y$2:$Y$501,MATCH($A30&"|"&6,Registro!$X$2:$X$501,0)),"") | H30: =IFERROR(INDEX(Registro!$Y$2:$Y$501,MATCH($A30&"|"&7,Registro!$X$2:$X$501,0)),"") | I30: =IFERROR(INDEX(Registro!$Y$2:$Y$501,MATCH($A30&"|"&8,Registro!$X$2:$X$501,0)),"") | J30: =IFERROR(INDEX(Registro!$Y$2:$Y$501,MATCH($A30&"|"&9,Registro!$X$2:$X$501,0)),"") | K30: =IFERROR(INDEX(Registro!$Y$2:$Y$501,MATCH($A30&"|"&10,Registro!$X$2:$X$501,0)),"") | L30: =IFERROR(INDEX(Registro!$Y$2:$Y$501,MATCH($A30&"|"&11,Registro!$X$2:$X$501,0)),"") | M30: =IFERROR(INDEX(Registro!$Y$2:$Y$501,MATCH($A30&"|"&12,Registro!$X$2:$X$501,0)),"")

Sheet Registro Refuerzo
A1: Nº de orden | B1: Fecha de Introducción | C1: Introducido por | D1: Especialidad | E1: Observaciones sobre Refuerzo | F1: Nombre del Docente | G1: Horario | H1: Estado del Refuerzo | I1: _Slot | J1: _Key | K1: _Str | L1: _iAct
A2: =IF(D2<>"",ROW()-1,"") | I2: =IF(H2="Activo",COUNTIFS($D$2:D2,D2,$H$2:H2,"Activo"),"") | J2: =IF(I2<>"",D2&"|"&I2,"") | K2: =IF(J2<>"",IF(F2<>"",F2&" ("&G2&")",G2),"") | L2: =IF($H2="Activo",COUNTIF($L$1:L1,">0")+1,"")
A3: =IF(D3<>"",ROW()-1,"") | I3: =IF(H3="Activo",COUNTIFS($D$2:D3,D3,$H$2:H3,"Activo"),"") | J3: =IF(I3<>"",D3&"|"&I3,"") | K3: =IF(J3<>"",IF(F3<>"",F3&" ("&G3&")",G3),"") | L3: =IF($H3="Activo",COUNTIF($L$1:L2,">0")+1,"")
A4: =IF(D4<>"",ROW()-1,"") | I4: =IF(H4="Activo",COUNTIFS($D$2:D4,D4,$H$2:H4,"Activo"),"") | J4: =IF(I4<>"",D4&"|"&I4,"") | K4: =IF(J4<>"",IF(F4<>"",F4&" ("&G4&")",G4),"") | L4: =IF($H4="Activo",COUNTIF($L$1:L3,">0")+1,"")
A5: =IF(D5<>"",ROW()-1,"") | I5: =IF(H5="Activo",COUNTIFS($D$2:D5,D5,$H$2:H5,"Activo"),"") | J5: =IF(I5<>"",D5&"|"&I5,"") | K5: =IF(J5<>"",IF(F5<>"",F5&" ("&G5&")",G5),"") | L5: =IF($H5="Activo",COUNTIF($L$1:L4,">0")+1,"")
A6: =IF(D6<>"",ROW()-1,"") | I6: =IF(H6="Activo",COUNTIFS($D$2:D6,D6,$H$2:H6,"Activo"),"") | J6: =IF(I6<>"",D6&"|"&I6,"") | K6: =IF(J6<>"",IF(F6<>"",F6&" ("&G6&")",G6),"") | L6: =IF($H6="Activo",COUNTIF($L$1:L5,">0")+1,"")
A7: =IF(D7<>"",ROW()-1,"") | I7: =IF(H7="Activo",COUNTIFS($D$2:D7,D7,$H$2:H7,"Activo"),"") | J7: =IF(I7<>"",D7&"|"&I7,"") | K7: =IF(J7<>"",IF(F7<>"",F7&" ("&G7&")",G7),"") | L7: =IF($H7="Activo",COUNTIF($L$1:L6,">0")+1,"")
A8: =IF(D8<>"",ROW()-1,"") | I8: =IF(H8="Activo",COUNTIFS($D$2:D8,D8,$H$2:H8,"Activo"),"") | J8: =IF(I8<>"",D8&"|"&I8,"") | K8: =IF(J8<>"",IF(F8<>"",F8&" ("&G8&")",G8),"") | L8: =IF($H8="Activo",COUNTIF($L$1:L7,">0")+1,"")
A9: =IF(D9<>"",ROW()-1,"") | I9: =IF(H9="Activo",COUNTIFS($D$2:D9,D9,$H$2:H9,"Activo"),"") | J9: =IF(I9<>"",D9&"|"&I9,"") | K9: =IF(J9<>"",IF(F9<>"",F9&" ("&G9&")",G9),"") | L9: =IF($H9="Activo",COUNTIF($L$1:L8,">0")+1,"")
A10: =IF(D10<>"",ROW()-1,"") | I10: =IF(H10="Activo",COUNTIFS($D$2:D10,D10,$H$2:H10,"Activo"),"") | J10: =IF(I10<>"",D10&"|"&I10,"") | K10: =IF(J10<>"",IF(F10<>"",F10&" ("&G10&")",G10),"") | L10: =IF($H10="Activo",COUNTIF($L$1:L9,">0")+1,"")
A11: =IF(D11<>"",ROW()-1,"") | I11: =IF(H11="Activo",COUNTIFS($D$2:D11,D11,$H$2:H11,"Activo"),"") | J11: =IF(I11<>"",D11&"|"&I11,"") | K11: =IF(J11<>"",IF(F11<>"",F11&" ("&G11&")",G11),"") | L11: =IF($H11="Activo",COUNTIF($L$1:L10,">0")+1,"")
A12: =IF(D12<>"",ROW()-1,"") | I12: =IF(H12="Activo",COUNTIFS($D$2:D12,D12,$H$2:H12,"Activo"),"") | J12: =IF(I12<>"",D12&"|"&I12,"") | K12: =IF(J12<>"",IF(F12<>"",F12&" ("&G12&")",G12),"") | L12: =IF($H12="Activo",COUNTIF($L$1:L11,">0")+1,"")
A13: =IF(D13<>"",ROW()-1,"") | I13: =IF(H13="Activo",COUNTIFS($D$2:D13,D13,$H$2:H13,"Activo"),"") | J13: =IF(I13<>"",D13&"|"&I13,"") | K13: =IF(J13<>"",IF(F13<>"",F13&" ("&G13&")",G13),"") | L13: =IF($H13="Activo",COUNTIF($L$1:L12,">0")+1,"")
... A201: =IF(D201<>"",ROW()-1,"") | I201: =IF(H201="Activo",COUNTIFS($D$2:D201,D201,$H$2:H201,"Activo"),"") | J201: =IF(I201<>"",D201&"|"&I201,"") | K201: =IF(J201<>"",IF(F201<>"",F201&" ("&G201&")",G201),"") | L201: =IF($H201="Activo",COUNTIF($L$1:L200,">0")+1,"")

Sheet Aux Refuerzo
A1: Especialidad | B1: Vac-Slot1 | C1: Vac-Slot2 | D1: Vac-Slot3 | E1: Vac-Slot4 | F1: Vac-Slot5 | H1: Dir-Slot1 | I1: Dir-Slot2 | J1: Dir-Slot3 | K1: Dir-Slot4 | L1: Dir-Slot5 | M1: Vac-Slot6 | N1: Vac-Slot7 | O1: Vac-Slot8 | P1: Vac-Slot9 | Q1: Vac-Slot10 | R1: Vac-Slot11 | S1: Vac-Slot12 | T1: Dir-Slot6 | U1: Dir-Slot7 | V1: Dir-Slot8 | W1: Dir-Slot9 | X1: Dir-Slot10 | Y1: Dir-Slot11 | Z1: Dir-Slot12
A2: LENGUAJE MUSICAL | B2: =IFERROR(INDEX(Registro!$AB$2:$AB$501,MATCH($A2&"|"&1,Registro!$AA$2:$AA$501,0)),"") | C2: =IFERROR(INDEX(Registro!$AB$2:$AB$501,MATCH($A2&"|"&2,Registro!$AA$2:$AA$501,0)),"") | D2: =IFERROR(INDEX(Registro!$AB$2:$AB$501,MATCH($A2&"|"&3,Registro!$AA$2:$AA$501,0)),"") | E2: =IFERROR(INDEX(Registro!$AB$2:$AB$501,MATCH($A2&"|"&4,Registro!$AA$2:$AA$501,0)),"") | F2: =IFERROR(INDEX(Registro!$AB$2:$AB$501,MATCH($A2&"|"&5,Registro!$AA$2:$AA$501,0)),"") | H2: =IFERROR(INDEX('Registro Refuerzo'!$K$2:$K$201,MATCH($A2&"|"&1,'Registro Refuerzo'!$J$2:$J$201,0)),"") | I2: =IFERROR(INDEX('Registro Refuerzo'!$K$2:$K$201,MATCH($A2&"|"&2,'Registro Refuerzo'!$J$2:$J$201,0)),"") | J2: =IFERROR(INDEX('Registro Refuerzo'!$K$2:$K$201,MATCH($A2&"|"&3,'Registro Refuerzo'!$J$2:$J$201,0)),"") | K2: =IFERROR(INDEX('Registro Refuerzo'!$K$2:$K$201,MATCH($A2&"|"&4,'Registro Refuerzo'!$J$2:$J$201,0)),"") | L2: =IFERROR(INDEX('Registro Refuerzo'!$K$2:$K$201,MATCH($A2&"|"&5,'Registro Refuerzo'!$J$2:$J$201,0)),"") | M2: =IFERROR(INDEX(Registro!$AB$2:$AB$501,MATCH($A2&"|"&6,Registro!$AA$2:$AA$501,0)),"") | N2: =IFERROR(INDEX(Registro!$AB$2:$AB$501,MATCH($A2&"|"&7,Registro!$AA$2:$AA$501,0)),"") | O2: =IFERROR(INDEX(Registro!$AB$2:$AB$501,MATCH($A2&"|"&8,Registro!$AA$2:$AA$501,0)),"") | P2: =IFERROR(INDEX(Registro!$AB$2:$AB$501,MATCH($A2&"|"&9,Registro!$AA$2:$AA$501,0)),"") | Q2: =IFERROR(INDEX(Registro!$AB$2:$AB$501,MATCH($A2&"|"&10,Registro!$AA$2:$AA$501,0)),"") | R2: =IFERROR(INDEX(Registro!$AB$2:$AB$501,MATCH($A2&"|"&11,Registro!$AA$2:$AA$501,0)),"") | S2: =IFERROR(INDEX(Registro!$AB$2:$AB$501,MATCH($A2&"|"&12,Registro!$AA$2:$AA$501,0)),"") | T2: =IFERROR(INDEX('Registro Refuerzo'!$K$2:$K$201,MATCH($A2&"|"&6,'Registro Refuerzo'!$J$2:$J$201,0)),"") | U2: =IFERROR(INDEX('Registro Refuerzo'!$K$2:$K$201,MATCH($A2&"|"&7,'Registro Refuerzo'!$J$2:$J$201,0)),"") | V2: =IFERROR(INDEX('Registro Refuerzo'!$K$2:$K$201,MATCH($A2&"|"&8,'Registro Refuerzo'!$J$2:$J$201,0)),"") | W2: =IFERROR(INDEX('Registro Refuerzo'!$K$2:$K$201,MATCH($A2&"|"&9,'Registro Refuerzo'!$J$2:$J$201,0)),"") | X2: =IFERROR(INDEX('Registro Refuerzo'!$K$2:$K$201,MATCH($A2&"|"&10,'Registro Refuerzo'!$J$2:$J$201,0)),"") | Y2: =IFERROR(INDEX('Registro Refuerzo'!$K$2:$K$201,MATCH($A2&"|"&11,'Registro Refuerzo'!$J$2:$J$201,0)),"") | Z2: =IFERROR(INDEX('Registro Refuerzo'!$K$2:$K$201,MATCH($A2&"|"&12,'Registro Refuerzo'!$J$2:$J$201,0)),"")
A3: ARMONÍA/ANÁLISIS | B3: =IFERROR(INDEX(Registro!$AB$2:$AB$501,MATCH($A3&"|"&1,Registro!$AA$2:$AA$501,0)),"") | C3: =IFERROR(INDEX(Registro!$AB$2:$AB$501,MATCH($A3&"|"&2,Registro!$AA$2:$AA$501,0)),"") | D3: =IFERROR(INDEX(Registro!$AB$2:$AB$501,MATCH($A3&"|"&3,Registro!$AA$2:$AA$501,0)),"") | E3: =IFERROR(INDEX(Registro!$AB$2:$AB$501,MATCH($A3&"|"&4,Registro!$AA$2:$AA$501,0)),"") | F3: =IFERROR(INDEX(Registro!$AB$2:$AB$501,MATCH($A3&"|"&5,Registro!$AA$2:$AA$501,0)),"") | H3: =IFERROR(INDEX('Registro Refuerzo'!$K$2:$K$201,MATCH($A3&"|"&1,'Registro Refuerzo'!$J$2:$J$201,0)),"") | I3: =IFERROR(INDEX('Registro Refuerzo'!$K$2:$K$201,MATCH($A3&"|"&2,'Registro Refuerzo'!$J$2:$J$201,0)),"") | J3: =IFERROR(INDEX('Registro Refuerzo'!$K$2:$K$201,MATCH($A3&"|"&3,'Registro Refuerzo'!$J$2:$J$201,0)),"") | K3: =IFERROR(INDEX('Registro Refuerzo'!$K$2:$K$201,MATCH($A3&"|"&4,'Registro Refuerzo'!$J$2:$J$201,0)),"") | L3: =IFERROR(INDEX('Registro Refuerzo'!$K$2:$K$201,MATCH($A3&"|"&5,'Registro Refuerzo'!$J$2:$J$201,0)),"") | M3: =IFERROR(INDEX(Registro!$AB$2:$AB$501,MATCH($A3&"|"&6,Registro!$AA$2:$AA$501,0)),"") | N3: =IFERROR(INDEX(Registro!$AB$2:$AB$501,MATCH($A3&"|"&7,Registro!$AA$2:$AA$501,0)),"") | O3: =IFERROR(INDEX(Registro!$AB$2:$AB$501,MATCH($A3&"|"&8,Registro!$AA$2:$AA$501,0)),"") | P3: =IFERROR(INDEX(Registro!$AB$2:$AB$501,MATCH($A3&"|"&9,Registro!$AA$2:$AA$501,0)),"") | Q3: =IFERROR(INDEX(Registro!$AB$2:$AB$501,MATCH($A3&"|"&10,Registro!$AA$2:$AA$501,0)),"") | R3: =IFERROR(INDEX(Registro!$AB$2:$AB$501,MATCH($A3&"|"&11,Registro!$AA$2:$AA$501,0)),"") | S3: =IFERROR(INDEX(Registro!$AB$2:$AB$501,MATCH($A3&"|"&12,Registro!$AA$2:$AA$501,0)),"") | T3: =IFERROR(INDEX('Registro Refuerzo'!$K$2:$K$201,MATCH($A3&"|"&6,'Registro Refuerzo'!$J$2:$J$201,0)),"") | U3: =IFERROR(INDEX('Registro Refuerzo'!$K$2:$K$201,MATCH($A3&"|"&7,'Registro Refuerzo'!$J$2:$J$201,0)),"") | V3: =IFERROR(INDEX('Registro Refuerzo'!$K$2:$K$201,MATCH($A3&"|"&8,'Registro Refuerzo'!$J$2:$J$201,0)),"") | W3: =IFERROR(INDEX('Registro Refuerzo'!$K$2:$K$201,MATCH($A3&"|"&9,'Registro Refuerzo'!$J$2:$J$201,0)),"") | X3: =IFERROR(INDEX('Registro Refuerzo'!$K$2:$K$201,MATCH($A3&"|"&10,'Registro Refuerzo'!$J$2:$J$201,0)),"") | Y3: =IFERROR(INDEX('Registro Refuerzo'!$K$2:$K$201,MATCH($A3&"|"&11,'Registro Refuerzo'!$J$2:$J$201,0)),"") | Z3: =IFERROR(INDEX('Registro Refuerzo'!$K$2:$K$201,MATCH($A3&"|"&12,'Registro Refuerzo'!$J$2:$J$201,0)),"")
A4: HISTORIA | B4: =IFERROR(INDEX(Registro!$AB$2:$AB$501,MATCH($A4&"|"&1,Registro!$AA$2:$AA$501,0)),"") | C4: =IFERROR(INDEX(Registro!$AB$2:$AB$501,MATCH($A4&"|"&2,Registro!$AA$2:$AA$501,0)),"") | D4: =IFERROR(INDEX(Registro!$AB$2:$AB$501,MATCH($A4&"|"&3,Registro!$AA$2:$AA$501,0)),"") | E4: =IFERROR(INDEX(Registro!$AB$2:$AB$501,MATCH($A4&"|"&4,Registro!$AA$2:$AA$501,0)),"") | F4: =IFERROR(INDEX(Registro!$AB$2:$AB$501,MATCH($A4&"|"&5,Registro!$AA$2:$AA$501,0)),"") | H4: =IFERROR(INDEX('Registro Refuerzo'!$K$2:$K$201,MATCH($A4&"|"&1,'Registro Refuerzo'!$J$2:$J$201,0)),"") | I4: =IFERROR(INDEX('Registro Refuerzo'!$K$2:$K$201,MATCH($A4&"|"&2,'Registro Refuerzo'!$J$2:$J$201,0)),"") | J4: =IFERROR(INDEX('Registro Refuerzo'!$K$2:$K$201,MATCH($A4&"|"&3,'Registro Refuerzo'!$J$2:$J$201,0)),"") | K4: =IFERROR(INDEX('Registro Refuerzo'!$K$2:$K$201,MATCH($A4&"|"&4,'Registro Refuerzo'!$J$2:$J$201,0)),"") | L4: =IFERROR(INDEX('Registro Refuerzo'!$K$2:$K$201,MATCH($A4&"|"&5,'Registro Refuerzo'!$J$2:$J$201,0)),"") | M4: =IFERROR(INDEX(Registro!$AB$2:$AB$501,MATCH($A4&"|"&6,Registro!$AA$2:$AA$501,0)),"") | N4: =IFERROR(INDEX(Registro!$AB$2:$AB$501,MATCH($A4&"|"&7,Registro!$AA$2:$AA$501,0)),"") | O4: =IFERROR(INDEX(Registro!$AB$2:$AB$501,MATCH($A4&"|"&8,Registro!$AA$2:$AA$501,0)),"") | P4: =IFERROR(INDEX(Registro!$AB$2:$AB$501,MATCH($A4&"|"&9,Registro!$AA$2:$AA$501,0)),"") | Q4: =IFERROR(INDEX(Registro!$AB$2:$AB$501,MATCH($A4&"|"&10,Registro!$AA$2:$AA$501,0)),"") | R4: =IFERROR(INDEX(Registro!$AB$2:$AB$501,MATCH($A4&"|"&11,Registro!$AA$2:$AA$501,0)),"") | S4: =IFERROR(INDEX(Registro!$AB$2:$AB$501,MATCH($A4&"|"&12,Registro!$AA$2:$AA$501,0)),"") | T4: =IFERROR(INDEX('Registro Refuerzo'!$K$2:$K$201,MATCH($A4&"|"&6,'Registro Refuerzo'!$J$2:$J$201,0)),"") | U4: =IFERROR(INDEX('Registro Refuerzo'!$K$2:$K$201,MATCH($A4&"|"&7,'Registro Refuerzo'!$J$2:$J$201,0)),"") | V4: =IFERROR(INDEX('Registro Refuerzo'!$K$2:$K$201,MATCH($A4&"|"&8,'Registro Refuerzo'!$J$2:$J$201,0)),"") | W4: =IFERROR(INDEX('Registro Refuerzo'!$K$2:$K$201,MATCH($A4&"|"&9,'Registro Refuerzo'!$J$2:$J$201,0)),"") | X4: =IFERROR(INDEX('Registro Refuerzo'!$K$2:$K$201,MATCH($A4&"|"&10,'Registro Refuerzo'!$J$2:$J$201,0)),"") | Y4: =IFERROR(INDEX('Registro Refuerzo'!$K$2:$K$201,MATCH($A4&"|"&11,'Registro Refuerzo'!$J$2:$J$201,0)),"") | Z4: =IFERROR(INDEX('Registro Refuerzo'!$K$2:$K$201,MATCH($A4&"|"&12,'Registro Refuerzo'!$J$2:$J$201,0)),"")
A5: ACORDEÓN | B5: =IFERROR(INDEX(Registro!$AB$2:$AB$501,MATCH($A5&"|"&1,Registro!$AA$2:$AA$501,0)),"") | C5: =IFERROR(INDEX(Registro!$AB$2:$AB$501,MATCH($A5&"|"&2,Registro!$AA$2:$AA$501,0)),"") | D5: =IFERROR(INDEX(Registro!$AB$2:$AB$501,MATCH($A5&"|"&3,Registro!$AA$2:$AA$501,0)),"") | E5: =IFERROR(INDEX(Registro!$AB$2:$AB$501,MATCH($A5&"|"&4,Registro!$AA$2:$AA$501,0)),"") | F5: =IFERROR(INDEX(Registro!$AB$2:$AB$501,MATCH($A5&"|"&5,Registro!$AA$2:$AA$501,0)),"") | H5: =IFERROR(INDEX('Registro Refuerzo'!$K$2:$K$201,MATCH($A5&"|"&1,'Registro Refuerzo'!$J$2:$J$201,0)),"") | I5: =IFERROR(INDEX('Registro Refuerzo'!$K$2:$K$201,MATCH($A5&"|"&2,'Registro Refuerzo'!$J$2:$J$201,0)),"") | J5: =IFERROR(INDEX('Registro Refuerzo'!$K$2:$K$201,MATCH($A5&"|"&3,'Registro Refuerzo'!$J$2:$J$201,0)),"") | K5: =IFERROR(INDEX('Registro Refuerzo'!$K$2:$K$201,MATCH($A5&"|"&4,'Registro Refuerzo'!$J$2:$J$201,0)),"") | L5: =IFERROR(INDEX('Registro Refuerzo'!$K$2:$K$201,MATCH($A5&"|"&5,'Registro Refuerzo'!$J$2:$J$201,0)),"") | M5: =IFERROR(INDEX(Registro!$AB$2:$AB$501,MATCH($A5&"|"&6,Registro!$AA$2:$AA$501,0)),"") | N5: =IFERROR(INDEX(Registro!$AB$2:$AB$501,MATCH($A5&"|"&7,Registro!$AA$2:$AA$501,0)),"") | O5: =IFERROR(INDEX(Registro!$AB$2:$AB$501,MATCH($A5&"|"&8,Registro!$AA$2:$AA$501,0)),"") | P5: =IFERROR(INDEX(Registro!$AB$2:$AB$501,MATCH($A5&"|"&9,Registro!$AA$2:$AA$501,0)),"") | Q5: =IFERROR(INDEX(Registro!$AB$2:$AB$501,MATCH($A5&"|"&10,Registro!$AA$2:$AA$501,0)),"") | R5: =IFERROR(INDEX(Registro!$AB$2:$AB$501,MATCH($A5&"|"&11,Registro!$AA$2:$AA$501,0)),"") | S5: =IFERROR(INDEX(Registro!$AB$2:$AB$501,MATCH($A5&"|"&12,Registro!$AA$2:$AA$501,0)),"") | T5: =IFERROR(INDEX('Registro Refuerzo'!$K$2:$K$201,MATCH($A5&"|"&6,'Registro Refuerzo'!$J$2:$J$201,0)),"") | U5: =IFERROR(INDEX('Registro Refuerzo'!$K$2:$K$201,MATCH($A5&"|"&7,'Registro Refuerzo'!$J$2:$J$201,0)),"") | V5: =IFERROR(INDEX('Registro Refuerzo'!$K$2:$K$201,MATCH($A5&"|"&8,'Registro Refuerzo'!$J$2:$J$201,0)),"") | W5: =IFERROR(INDEX('Registro Refuerzo'!$K$2:$K$201,MATCH($A5&"|"&9,'Registro Refuerzo'!$J$2:$J$201,0)),"") | X5: =IFERROR(INDEX('Registro Refuerzo'!$K$2:$K$201,MATCH($A5&"|"&10,'Registro Refuerzo'!$J$2:$J$201,0)),"") | Y5: =IFERROR(INDEX('Registro Refuerzo'!$K$2:$K$201,MATCH($A5&"|"&11,'Registro Refuerzo'!$J$2:$J$201,0)),"") | Z5: =IFERROR(INDEX('Registro Refuerzo'!$K$2:$K$201,MATCH($A5&"|"&12,'Registro Refuerzo'!$J$2:$J$201,0)),"")
A6: ARPA | B6: =IFERROR(INDEX(Registro!$AB$2:$AB$501,MATCH($A6&"|"&1,Registro!$AA$2:$AA$501,0)),"") | C6: =IFERROR(INDEX(Registro!$AB$2:$AB$501,MATCH($A6&"|"&2,Registro!$AA$2:$AA$501,0)),"") | D6: =IFERROR(INDEX(Registro!$AB$2:$AB$501,MATCH($A6&"|"&3,Registro!$AA$2:$AA$501,0)),"") | E6: =IFERROR(INDEX(Registro!$AB$2:$AB$501,MATCH($A6&"|"&4,Registro!$AA$2:$AA$501,0)),"") | F6: =IFERROR(INDEX(Registro!$AB$2:$AB$501,MATCH($A6&"|"&5,Registro!$AA$2:$AA$501,0)),"") | H6: =IFERROR(INDEX('Registro Refuerzo'!$K$2:$K$201,MATCH($A6&"|"&1,'Registro Refuerzo'!$J$2:$J$201,0)),"") | I6: =IFERROR(INDEX('Registro Refuerzo'!$K$2:$K$201,MATCH($A6&"|"&2,'Registro Refuerzo'!$J$2:$J$201,0)),"") | J6: =IFERROR(INDEX('Registro Refuerzo'!$K$2:$K$201,MATCH($A6&"|"&3,'Registro Refuerzo'!$J$2:$J$201,0)),"") | K6: =IFERROR(INDEX('Registro Refuerzo'!$K$2:$K$201,MATCH($A6&"|"&4,'Registro Refuerzo'!$J$2:$J$201,0)),"") | L6: =IFERROR(INDEX('Registro Refuerzo'!$K$2:$K$201,MATCH($A6&"|"&5,'Registro Refuerzo'!$J$2:$J$201,0)),"") | M6: =IFERROR(INDEX(Registro!$AB$2:$AB$501,MATCH($A6&"|"&6,Registro!$AA$2:$AA$501,0)),"") | N6: =IFERROR(INDEX(Registro!$AB$2:$AB$501,MATCH($A6&"|"&7,Registro!$AA$2:$AA$501,0)),"") | O6: =IFERROR(INDEX(Registro!$AB$2:$AB$501,MATCH($A6&"|"&8,Registro!$AA$2:$AA$501,0)),"") | P6: =IFERROR(INDEX(Registro!$AB$2:$AB$501,MATCH($A6&"|"&9,Registro!$AA$2:$AA$501,0)),"") | Q6: =IFERROR(INDEX(Registro!$AB$2:$AB$501,MATCH($A6&"|"&10,Registro!$AA$2:$AA$501,0)),"") | R6: =IFERROR(INDEX(Registro!$AB$2:$AB$501,MATCH($A6&"|"&11,Registro!$AA$2:$AA$501,0)),"") | S6: =IFERROR(INDEX(Registro!$AB$2:$AB$501,MATCH($A6&"|"&12,Registro!$AA$2:$AA$501,0)),"") | T6: =IFERROR(INDEX('Registro Refuerzo'!$K$2:$K$201,MATCH($A6&"|"&6,'Registro Refuerzo'!$J$2:$J$201,0)),"") | U6: =IFERROR(INDEX('Registro Refuerzo'!$K$2:$K$201,MATCH($A6&"|"&7,'Registro Refuerzo'!$J$2:$J$201,0)),"") | V6: =IFERROR(INDEX('Registro Refuerzo'!$K$2:$K$201,MATCH($A6&"|"&8,'Registro Refuerzo'!$J$2:$J$201,0)),"") | W6: =IFERROR(INDEX('Registro Refuerzo'!$K$2:$K$201,MATCH($A6&"|"&9,'Registro Refuerzo'!$J$2:$J$201,0)),"") | X6: =IFERROR(INDEX('Registro Refuerzo'!$K$2:$K$201,MATCH($A6&"|"&10,'Registro Refuerzo'!$J$2:$J$201,0)),"") | Y6: =IFERROR(INDEX('Registro Refuerzo'!$K$2:$K$201,MATCH($A6&"|"&11,'Registro Refuerzo'!$J$2:$J$201,0)),"") | Z6: =IFERROR(INDEX('Registro Refuerzo'!$K$2:$K$201,MATCH($A6&"|"&12,'Registro Refuerzo'!$J$2:$J$201,0)),"")
A7: BAJO ELÉCTRICO | B7: =IFERROR(INDEX(Registro!$AB$2:$AB$501,MATCH($A7&"|"&1,Registro!$AA$2:$AA$501,0)),"") | C7: =IFERROR(INDEX(Registro!$AB$2:$AB$501,MATCH($A7&"|"&2,Registro!$AA$2:$AA$501,0)),"") | D7: =IFERROR(INDEX(Registro!$AB$2:$AB$501,MATCH($A7&"|"&3,Registro!$AA$2:$AA$501,0)),"") | E7: =IFERROR(INDEX(Registro!$AB$2:$AB$501,MATCH($A7&"|"&4,Registro!$AA$2:$AA$501,0)),"") | F7: =IFERROR(INDEX(Registro!$AB$2:$AB$501,MATCH($A7&"|"&5,Registro!$AA$2:$AA$501,0)),"") | H7: =IFERROR(INDEX('Registro Refuerzo'!$K$2:$K$201,MATCH($A7&"|"&1,'Registro Refuerzo'!$J$2:$J$201,0)),"") | I7: =IFERROR(INDEX('Registro Refuerzo'!$K$2:$K$201,MATCH($A7&"|"&2,'Registro Refuerzo'!$J$2:$J$201,0)),"") | J7: =IFERROR(INDEX('Registro Refuerzo'!$K$2:$K$201,MATCH($A7&"|"&3,'Registro Refuerzo'!$J$2:$J$201,0)),"") | K7: =IFERROR(INDEX('Registro Refuerzo'!$K$2:$K$201,MATCH($A7&"|"&4,'Registro Refuerzo'!$J$2:$J$201,0)),"") | L7: =IFERROR(INDEX('Registro Refuerzo'!$K$2:$K$201,MATCH($A7&"|"&5,'Registro Refuerzo'!$J$2:$J$201,0)),"") | M7: =IFERROR(INDEX(Registro!$AB$2:$AB$501,MATCH($A7&"|"&6,Registro!$AA$2:$AA$501,0)),"") | N7: =IFERROR(INDEX(Registro!$AB$2:$AB$501,MATCH($A7&"|"&7,Registro!$AA$2:$AA$501,0)),"") | O7: =IFERROR(INDEX(Registro!$AB$2:$AB$501,MATCH($A7&"|"&8,Registro!$AA$2:$AA$501,0)),"") | P7: =IFERROR(INDEX(Registro!$AB$2:$AB$501,MATCH($A7&"|"&9,Registro!$AA$2:$AA$501,0)),"") | Q7: =IFERROR(INDEX(Registro!$AB$2:$AB$501,MATCH($A7&"|"&10,Registro!$AA$2:$AA$501,0)),"") | R7: =IFERROR(INDEX(Registro!$AB$2:$AB$501,MATCH($A7&"|"&11,Registro!$AA$2:$AA$501,0)),"") | S7: =IFERROR(INDEX(Registro!$AB$2:$AB$501,MATCH($A7&"|"&12,Registro!$AA$2:$AA$501,0)),"") | T7: =IFERROR(INDEX('Registro Refuerzo'!$K$2:$K$201,MATCH($A7&"|"&6,'Registro Refuerzo'!$J$2:$J$201,0)),"") | U7: =IFERROR(INDEX('Registro Refuerzo'!$K$2:$K$201,MATCH($A7&"|"&7,'Registro Refuerzo'!$J$2:$J$201,0)),"") | V7: =IFERROR(INDEX('Registro Refuerzo'!$K$2:$K$201,MATCH($A7&"|"&8,'Registro Refuerzo'!$J$2:$J$201,0)),"") | W7: =IFERROR(INDEX('Registro Refuerzo'!$K$2:$K$201,MATCH($A7&"|"&9,'Registro Refuerzo'!$J$2:$J$201,0)),"") | X7: =IFERROR(INDEX('Registro Refuerzo'!$K$2:$K$201,MATCH($A7&"|"&10,'Registro Refuerzo'!$J$2:$J$201,0)),"") | Y7: =IFERROR(INDEX('Registro Refuerzo'!$K$2:$K$201,MATCH($A7&"|"&11,'Registro Refuerzo'!$J$2:$J$201,0)),"") | Z7: =IFERROR(INDEX('Registro Refuerzo'!$K$2:$K$201,MATCH($A7&"|"&12,'Registro Refuerzo'!$J$2:$J$201,0)),"")
A8: CANTO | B8: =IFERROR(INDEX(Registro!$AB$2:$AB$501,MATCH($A8&"|"&1,Registro!$AA$2:$AA$501,0)),"") | C8: =IFERROR(INDEX(Registro!$AB$2:$AB$501,MATCH($A8&"|"&2,Registro!$AA$2:$AA$501,0)),"") | D8: =IFERROR(INDEX(Registro!$AB$2:$AB$501,MATCH($A8&"|"&3,Registro!$AA$2:$AA$501,0)),"") | E8: =IFERROR(INDEX(Registro!$AB$2:$AB$501,MATCH($A8&"|"&4,Registro!$AA$2:$AA$501,0)),"") | F8: =IFERROR(INDEX(Registro!$AB$2:$AB$501,MATCH($A8&"|"&5,Registro!$AA$2:$AA$501,0)),"") | H8: =IFERROR(INDEX('Registro Refuerzo'!$K$2:$K$201,MATCH($A8&"|"&1,'Registro Refuerzo'!$J$2:$J$201,0)),"") | I8: =IFERROR(INDEX('Registro Refuerzo'!$K$2:$K$201,MATCH($A8&"|"&2,'Registro Refuerzo'!$J$2:$J$201,0)),"") | J8: =IFERROR(INDEX('Registro Refuerzo'!$K$2:$K$201,MATCH($A8&"|"&3,'Registro Refuerzo'!$J$2:$J$201,0)),"") | K8: =IFERROR(INDEX('Registro Refuerzo'!$K$2:$K$201,MATCH($A8&"|"&4,'Registro Refuerzo'!$J$2:$J$201,0)),"") | L8: =IFERROR(INDEX('Registro Refuerzo'!$K$2:$K$201,MATCH($A8&"|"&5,'Registro Refuerzo'!$J$2:$J$201,0)),"") | M8: =IFERROR(INDEX(Registro!$AB$2:$AB$501,MATCH($A8&"|"&6,Registro!$AA$2:$AA$501,0)),"") | N8: =IFERROR(INDEX(Registro!$AB$2:$AB$501,MATCH($A8&"|"&7,Registro!$AA$2:$AA$501,0)),"") | O8: =IFERROR(INDEX(Registro!$AB$2:$AB$501,MATCH($A8&"|"&8,Registro!$AA$2:$AA$501,0)),"") | P8: =IFERROR(INDEX(Registro!$AB$2:$AB$501,MATCH($A8&"|"&9,Registro!$AA$2:$AA$501,0)),"") | Q8: =IFERROR(INDEX(Registro!$AB$2:$AB$501,MATCH($A8&"|"&10,Registro!$AA$2:$AA$501,0)),"") | R8: =IFERROR(INDEX(Registro!$AB$2:$AB$501,MATCH($A8&"|"&11,Registro!$AA$2:$AA$501,0)),"") | S8: =IFERROR(INDEX(Registro!$AB$2:$AB$501,MATCH($A8&"|"&12,Registro!$AA$2:$AA$501,0)),"") | T8: =IFERROR(INDEX('Registro Refuerzo'!$K$2:$K$201,MATCH($A8&"|"&6,'Registro Refuerzo'!$J$2:$J$201,0)),"") | U8: =IFERROR(INDEX('Registro Refuerzo'!$K$2:$K$201,MATCH($A8&"|"&7,'Registro Refuerzo'!$J$2:$J$201,0)),"") | V8: =IFERROR(INDEX('Registro Refuerzo'!$K$2:$K$201,MATCH($A8&"|"&8,'Registro Refuerzo'!$J$2:$J$201,0)),"") | W8: =IFERROR(INDEX('Registro Refuerzo'!$K$2:$K$201,MATCH($A8&"|"&9,'Registro Refuerzo'!$J$2:$J$201,0)),"") | X8: =IFERROR(INDEX('Registro Refuerzo'!$K$2:$K$201,MATCH($A8&"|"&10,'Registro Refuerzo'!$J$2:$J$201,0)),"") | Y8: =IFERROR(INDEX('Registro Refuerzo'!$K$2:$K$201,MATCH($A8&"|"&11,'Registro Refuerzo'!$J$2:$J$201,0)),"") | Z8: =IFERROR(INDEX('Registro Refuerzo'!$K$2:$K$201,MATCH($A8&"|"&12,'Registro Refuerzo'!$J$2:$J$201,0)),"")
A9: CANTO VALENCIANO | B9: =IFERROR(INDEX(Registro!$AB$2:$AB$501,MATCH($A9&"|"&1,Registro!$AA$2:$AA$501,0)),"") | C9: =IFERROR(INDEX(Registro!$AB$2:$AB$501,MATCH($A9&"|"&2,Registro!$AA$2:$AA$501,0)),"") | D9: =IFERROR(INDEX(Registro!$AB$2:$AB$501,MATCH($A9&"|"&3,Registro!$AA$2:$AA$501,0)),"") | E9: =IFERROR(INDEX(Registro!$AB$2:$AB$501,MATCH($A9&"|"&4,Registro!$AA$2:$AA$501,0)),"") | F9: =IFERROR(INDEX(Registro!$AB$2:$AB$501,MATCH($A9&"|"&5,Registro!$AA$2:$AA$501,0)),"") | H9: =IFERROR(INDEX('Registro Refuerzo'!$K$2:$K$201,MATCH($A9&"|"&1,'Registro Refuerzo'!$J$2:$J$201,0)),"") | I9: =IFERROR(INDEX('Registro Refuerzo'!$K$2:$K$201,MATCH($A9&"|"&2,'Registro Refuerzo'!$J$2:$J$201,0)),"") | J9: =IFERROR(INDEX('Registro Refuerzo'!$K$2:$K$201,MATCH($A9&"|"&3,'Registro Refuerzo'!$J$2:$J$201,0)),"") | K9: =IFERROR(INDEX('Registro Refuerzo'!$K$2:$K$201,MATCH($A9&"|"&4,'Registro Refuerzo'!$J$2:$J$201,0)),"") | L9: =IFERROR(INDEX('Registro Refuerzo'!$K$2:$K$201,MATCH($A9&"|"&5,'Registro Refuerzo'!$J$2:$J$201,0)),"") | M9: =IFERROR(INDEX(Registro!$AB$2:$AB$501,MATCH($A9&"|"&6,Registro!$AA$2:$AA$501,0)),"") | N9: =IFERROR(INDEX(Registro!$AB$2:$AB$501,MATCH($A9&"|"&7,Registro!$AA$2:$AA$501,0)),"") | O9: =IFERROR(INDEX(Registro!$AB$2:$AB$501,MATCH($A9&"|"&8,Registro!$AA$2:$AA$501,0)),"") | P9: =IFERROR(INDEX(Registro!$AB$2:$AB$501,MATCH($A9&"|"&9,Registro!$AA$2:$AA$501,0)),"") | Q9: =IFERROR(INDEX(Registro!$AB$2:$AB$501,MATCH($A9&"|"&10,Registro!$AA$2:$AA$501,0)),"") | R9: =IFERROR(INDEX(Registro!$AB$2:$AB$501,MATCH($A9&"|"&11,Registro!$AA$2:$AA$501,0)),"") | S9: =IFERROR(INDEX(Registro!$AB$2:$AB$501,MATCH($A9&"|"&12,Registro!$AA$2:$AA$501,0)),"") | T9: =IFERROR(INDEX('Registro Refuerzo'!$K$2:$K$201,MATCH($A9&"|"&6,'Registro Refuerzo'!$J$2:$J$201,0)),"") | U9: =IFERROR(INDEX('Registro Refuerzo'!$K$2:$K$201,MATCH($A9&"|"&7,'Registro Refuerzo'!$J$2:$J$201,0)),"") | V9: =IFERROR(INDEX('Registro Refuerzo'!$K$2:$K$201,MATCH($A9&"|"&8,'Registro Refuerzo'!$J$2:$J$201,0)),"") | W9: =IFERROR(INDEX('Registro Refuerzo'!$K$2:$K$201,MATCH($A9&"|"&9,'Registro Refuerzo'!$J$2:$J$201,0)),"") | X9: =IFERROR(INDEX('Registro Refuerzo'!$K$2:$K$201,MATCH($A9&"|"&10,'Registro Refuerzo'!$J$2:$J$201,0)),"") | Y9: =IFERROR(INDEX('Registro Refuerzo'!$K$2:$K$201,MATCH($A9&"|"&11,'Registro Refuerzo'!$J$2:$J$201,0)),"") | Z9: =IFERROR(INDEX('Registro Refuerzo'!$K$2:$K$201,MATCH($A9&"|"&12,'Registro Refuerzo'!$J$2:$J$201,0)),"")
A10: CLARINETE | B10: =IFERROR(INDEX(Registro!$AB$2:$AB$501,MATCH($A10&"|"&1,Registro!$AA$2:$AA$501,0)),"") | C10: =IFERROR(INDEX(Registro!$AB$2:$AB$501,MATCH($A10&"|"&2,Registro!$AA$2:$AA$501,0)),"") | D10: =IFERROR(INDEX(Registro!$AB$2:$AB$501,MATCH($A10&"|"&3,Registro!$AA$2:$AA$501,0)),"") | E10: =IFERROR(INDEX(Registro!$AB$2:$AB$501,MATCH($A10&"|"&4,Registro!$AA$2:$AA$501,0)),"") | F10: =IFERROR(INDEX(Registro!$AB$2:$AB$501,MATCH($A10&"|"&5,Registro!$AA$2:$AA$501,0)),"") | H10: =IFERROR(INDEX('Registro Refuerzo'!$K$2:$K$201,MATCH($A10&"|"&1,'Registro Refuerzo'!$J$2:$J$201,0)),"") | I10: =IFERROR(INDEX('Registro Refuerzo'!$K$2:$K$201,MATCH($A10&"|"&2,'Registro Refuerzo'!$J$2:$J$201,0)),"") | J10: =IFERROR(INDEX('Registro Refuerzo'!$K$2:$K$201,MATCH($A10&"|"&3,'Registro Refuerzo'!$J$2:$J$201,0)),"") | K10: =IFERROR(INDEX('Registro Refuerzo'!$K$2:$K$201,MATCH($A10&"|"&4,'Registro Refuerzo'!$J$2:$J$201,0)),"") | L10: =IFERROR(INDEX('Registro Refuerzo'!$K$2:$K$201,MATCH($A10&"|"&5,'Registro Refuerzo'!$J$2:$J$201,0)),"") | M10: =IFERROR(INDEX(Registro!$AB$2:$AB$501,MATCH($A10&"|"&6,Registro!$AA$2:$AA$501,0)),"") | N10: =IFERROR(INDEX(Registro!$AB$2:$AB$501,MATCH($A10&"|"&7,Registro!$AA$2:$AA$501,0)),"") | O10: =IFERROR(INDEX(Registro!$AB$2:$AB$501,MATCH($A10&"|"&8,Registro!$AA$2:$AA$501,0)),"") | P10: =IFERROR(INDEX(Registro!$AB$2:$AB$501,MATCH($A10&"|"&9,Registro!$AA$2:$AA$501,0)),"") | Q10: =IFERROR(INDEX(Registro!$AB$2:$AB$501,MATCH($A10&"|"&10,Registro!$AA$2:$AA$501,0)),"") | R10: =IFERROR(INDEX(Registro!$AB$2:$AB$501,MATCH($A10&"|"&11,Registro!$AA$2:$AA$501,0)),"") | S10: =IFERROR(INDEX(Registro!$AB$2:$AB$501,MATCH($A10&"|"&12,Registro!$AA$2:$AA$501,0)),"") | T10: =IFERROR(INDEX('Registro Refuerzo'!$K$2:$K$201,MATCH($A10&"|"&6,'Registro Refuerzo'!$J$2:$J$201,0)),"") | U10: =IFERROR(INDEX('Registro Refuerzo'!$K$2:$K$201,MATCH($A10&"|"&7,'Registro Refuerzo'!$J$2:$J$201,0)),"") | V10: =IFERROR(INDEX('Registro Refuerzo'!$K$2:$K$201,MATCH($A10&"|"&8,'Registro Refuerzo'!$J$2:$J$201,0)),"") | W10: =IFERROR(INDEX('Registro Refuerzo'!$K$2:$K$201,MATCH($A10&"|"&9,'Registro Refuerzo'!$J$2:$J$201,0)),"") | X10: =IFERROR(INDEX('Registro Refuerzo'!$K$2:$K$201,MATCH($A10&"|"&10,'Registro Refuerzo'!$J$2:$J$201,0)),"") | Y10: =IFERROR(INDEX('Registro Refuerzo'!$K$2:$K$201,MATCH($A10&"|"&11,'Registro Refuerzo'!$J$2:$J$201,0)),"") | Z10: =IFERROR(INDEX('Registro Refuerzo'!$K$2:$K$201,MATCH($A10&"|"&12,'Registro Refuerzo'!$J$2:$J$201,0)),"")
A11: CLAVICÉMBALO | B11: =IFERROR(INDEX(Registro!$AB$2:$AB$501,MATCH($A11&"|"&1,Registro!$AA$2:$AA$501,0)),"") | C11: =IFERROR(INDEX(Registro!$AB$2:$AB$501,MATCH($A11&"|"&2,Registro!$AA$2:$AA$501,0)),"") | D11: =IFERROR(INDEX(Registro!$AB$2:$AB$501,MATCH($A11&"|"&3,Registro!$AA$2:$AA$501,0)),"") | E11: =IFERROR(INDEX(Registro!$AB$2:$AB$501,MATCH($A11&"|"&4,Registro!$AA$2:$AA$501,0)),"") | F11: =IFERROR(INDEX(Registro!$AB$2:$AB$501,MATCH($A11&"|"&5,Registro!$AA$2:$AA$501,0)),"") | H11: =IFERROR(INDEX('Registro Refuerzo'!$K$2:$K$201,MATCH($A11&"|"&1,'Registro Refuerzo'!$J$2:$J$201,0)),"") | I11: =IFERROR(INDEX('Registro Refuerzo'!$K$2:$K$201,MATCH($A11&"|"&2,'Registro Refuerzo'!$J$2:$J$201,0)),"") | J11: =IFERROR(INDEX('Registro Refuerzo'!$K$2:$K$201,MATCH($A11&"|"&3,'Registro Refuerzo'!$J$2:$J$201,0)),"") | K11: =IFERROR(INDEX('Registro Refuerzo'!$K$2:$K$201,MATCH($A11&"|"&4,'Registro Refuerzo'!$J$2:$J$201,0)),"") | L11: =IFERROR(INDEX('Registro Refuerzo'!$K$2:$K$201,MATCH($A11&"|"&5,'Registro Refuerzo'!$J$2:$J$201,0)),"") | M11: =IFERROR(INDEX(Registro!$AB$2:$AB$501,MATCH($A11&"|"&6,Registro!$AA$2:$AA$501,0)),"") | N11: =IFERROR(INDEX(Registro!$AB$2:$AB$501,MATCH($A11&"|"&7,Registro!$AA$2:$AA$501,0)),"") | O11: =IFERROR(INDEX(Registro!$AB$2:$AB$501,MATCH($A11&"|"&8,Registro!$AA$2:$AA$501,0)),"") | P11: =IFERROR(INDEX(Registro!$AB$2:$AB$501,MATCH($A11&"|"&9,Registro!$AA$2:$AA$501,0)),"") | Q11: =IFERROR(INDEX(Registro!$AB$2:$AB$501,MATCH($A11&"|"&10,Registro!$AA$2:$AA$501,0)),"") | R11: =IFERROR(INDEX(Registro!$AB$2:$AB$501,MATCH($A11&"|"&11,Registro!$AA$2:$AA$501,0)),"") | S11: =IFERROR(INDEX(Registro!$AB$2:$AB$501,MATCH($A11&"|"&12,Registro!$AA$2:$AA$501,0)),"") | T11: =IFERROR(INDEX('Registro Refuerzo'!$K$2:$K$201,MATCH($A11&"|"&6,'Registro Refuerzo'!$J$2:$J$201,0)),"") | U11: =IFERROR(INDEX('Registro Refuerzo'!$K$2:$K$201,MATCH($A11&"|"&7,'Registro Refuerzo'!$J$2:$J$201,0)),"") | V11: =IFERROR(INDEX('Registro Refuerzo'!$K$2:$K$201,MATCH($A11&"|"&8,'Registro Refuerzo'!$J$2:$J$201,0)),"") | W11: =IFERROR(INDEX('Registro Refuerzo'!$K$2:$K$201,MATCH($A11&"|"&9,'Registro Refuerzo'!$J$2:$J$201,0)),"") | X11: =IFERROR(INDEX('Registro Refuerzo'!$K$2:$K$201,MATCH($A11&"|"&10,'Registro Refuerzo'!$J$2:$J$201,0)),"") | Y11: =IFERROR(INDEX('Registro Refuerzo'!$K$2:$K$201,MATCH($A11&"|"&11,'Registro Refuerzo'!$J$2:$J$201,0)),"") | Z11: =IFERROR(INDEX('Registro Refuerzo'!$K$2:$K$201,MATCH($A11&"|"&12,'Registro Refuerzo'!$J$2:$J$201,0)),"")
A12: CONTRABAJO | B12: =IFERROR(INDEX(Registro!$AB$2:$AB$501,MATCH($A12&"|"&1,Registro!$AA$2:$AA$501,0)),"") | C12: =IFERROR(INDEX(Registro!$AB$2:$AB$501,MATCH($A12&"|"&2,Registro!$AA$2:$AA$501,0)),"") | D12: =IFERROR(INDEX(Registro!$AB$2:$AB$501,MATCH($A12&"|"&3,Registro!$AA$2:$AA$501,0)),"") | E12: =IFERROR(INDEX(Registro!$AB$2:$AB$501,MATCH($A12&"|"&4,Registro!$AA$2:$AA$501,0)),"") | F12: =IFERROR(INDEX(Registro!$AB$2:$AB$501,MATCH($A12&"|"&5,Registro!$AA$2:$AA$501,0)),"") | H12: =IFERROR(INDEX('Registro Refuerzo'!$K$2:$K$201,MATCH($A12&"|"&1,'Registro Refuerzo'!$J$2:$J$201,0)),"") | I12: =IFERROR(INDEX('Registro Refuerzo'!$K$2:$K$201,MATCH($A12&"|"&2,'Registro Refuerzo'!$J$2:$J$201,0)),"") | J12: =IFERROR(INDEX('Registro Refuerzo'!$K$2:$K$201,MATCH($A12&"|"&3,'Registro Refuerzo'!$J$2:$J$201,0)),"") | K12: =IFERROR(INDEX('Registro Refuerzo'!$K$2:$K$201,MATCH($A12&"|"&4,'Registro Refuerzo'!$J$2:$J$201,0)),"") | L12: =IFERROR(INDEX('Registro Refuerzo'!$K$2:$K$201,MATCH($A12&"|"&5,'Registro Refuerzo'!$J$2:$J$201,0)),"") | M12: =IFERROR(INDEX(Registro!$AB$2:$AB$501,MATCH($A12&"|"&6,Registro!$AA$2:$AA$501,0)),"") | N12: =IFERROR(INDEX(Registro!$AB$2:$AB$501,MATCH($A12&"|"&7,Registro!$AA$2:$AA$501,0)),"") | O12: =IFERROR(INDEX(Registro!$AB$2:$AB$501,MATCH($A12&"|"&8,Registro!$AA$2:$AA$501,0)),"") | P12: =IFERROR(INDEX(Registro!$AB$2:$AB$501,MATCH($A12&"|"&9,Registro!$AA$2:$AA$501,0)),"") | Q12: =IFERROR(INDEX(Registro!$AB$2:$AB$501,MATCH($A12&"|"&10,Registro!$AA$2:$AA$501,0)),"") | R12: =IFERROR(INDEX(Registro!$AB$2:$AB$501,MATCH($A12&"|"&11,Registro!$AA$2:$AA$501,0)),"") | S12: =IFERROR(INDEX(Registro!$AB$2:$AB$501,MATCH($A12&"|"&12,Registro!$AA$2:$AA$501,0)),"") | T12: =IFERROR(INDEX('Registro Refuerzo'!$K$2:$K$201,MATCH($A12&"|"&6,'Registro Refuerzo'!$J$2:$J$201,0)),"") | U12: =IFERROR(INDEX('Registro Refuerzo'!$K$2:$K$201,MATCH($A12&"|"&7,'Registro Refuerzo'!$J$2:$J$201,0)),"") | V12: =IFERROR(INDEX('Registro Refuerzo'!$K$2:$K$201,MATCH($A12&"|"&8,'Registro Refuerzo'!$J$2:$J$201,0)),"") | W12: =IFERROR(INDEX('Registro Refuerzo'!$K$2:$K$201,MATCH($A12&"|"&9,'Registro Refuerzo'!$J$2:$J$201,0)),"") | X12: =IFERROR(INDEX('Registro Refuerzo'!$K$2:$K$201,MATCH($A12&"|"&10,'Registro Refuerzo'!$J$2:$J$201,0)),"") | Y12: =IFERROR(INDEX('Registro Refuerzo'!$K$2:$K$201,MATCH($A12&"|"&11,'Registro Refuerzo'!$J$2:$J$201,0)),"") | Z12: =IFERROR(INDEX('Registro Refuerzo'!$K$2:$K$201,MATCH($A12&"|"&12,'Registro Refuerzo'!$J$2:$J$201,0)),"")
A13: DOLÇAINA | B13: =IFERROR(INDEX(Registro!$AB$2:$AB$501,MATCH($A13&"|"&1,Registro!$AA$2:$AA$501,0)),"") | C13: =IFERROR(INDEX(Registro!$AB$2:$AB$501,MATCH($A13&"|"&2,Registro!$AA$2:$AA$501,0)),"") | D13: =IFERROR(INDEX(Registro!$AB$2:$AB$501,MATCH($A13&"|"&3,Registro!$AA$2:$AA$501,0)),"") | E13: =IFERROR(INDEX(Registro!$AB$2:$AB$501,MATCH($A13&"|"&4,Registro!$AA$2:$AA$501,0)),"") | F13: =IFERROR(INDEX(Registro!$AB$2:$AB$501,MATCH($A13&"|"&5,Registro!$AA$2:$AA$501,0)),"") | H13: =IFERROR(INDEX('Registro Refuerzo'!$K$2:$K$201,MATCH($A13&"|"&1,'Registro Refuerzo'!$J$2:$J$201,0)),"") | I13: =IFERROR(INDEX('Registro Refuerzo'!$K$2:$K$201,MATCH($A13&"|"&2,'Registro Refuerzo'!$J$2:$J$201,0)),"") | J13: =IFERROR(INDEX('Registro Refuerzo'!$K$2:$K$201,MATCH($A13&"|"&3,'Registro Refuerzo'!$J$2:$J$201,0)),"") | K13: =IFERROR(INDEX('Registro Refuerzo'!$K$2:$K$201,MATCH($A13&"|"&4,'Registro Refuerzo'!$J$2:$J$201,0)),"") | L13: =IFERROR(INDEX('Registro Refuerzo'!$K$2:$K$201,MATCH($A13&"|"&5,'Registro Refuerzo'!$J$2:$J$201,0)),"") | M13: =IFERROR(INDEX(Registro!$AB$2:$AB$501,MATCH($A13&"|"&6,Registro!$AA$2:$AA$501,0)),"") | N13: =IFERROR(INDEX(Registro!$AB$2:$AB$501,MATCH($A13&"|"&7,Registro!$AA$2:$AA$501,0)),"") | O13: =IFERROR(INDEX(Registro!$AB$2:$AB$501,MATCH($A13&"|"&8,Registro!$AA$2:$AA$501,0)),"") | P13: =IFERROR(INDEX(Registro!$AB$2:$AB$501,MATCH($A13&"|"&9,Registro!$AA$2:$AA$501,0)),"") | Q13: =IFERROR(INDEX(Registro!$AB$2:$AB$501,MATCH($A13&"|"&10,Registro!$AA$2:$AA$501,0)),"") | R13: =IFERROR(INDEX(Registro!$AB$2:$AB$501,MATCH($A13&"|"&11,Registro!$AA$2:$AA$501,0)),"") | S13: =IFERROR(INDEX(Registro!$AB$2:$AB$501,MATCH($A13&"|"&12,Registro!$AA$2:$AA$501,0)),"") | T13: =IFERROR(INDEX('Registro Refuerzo'!$K$2:$K$201,MATCH($A13&"|"&6,'Registro Refuerzo'!$J$2:$J$201,0)),"") | U13: =IFERROR(INDEX('Registro Refuerzo'!$K$2:$K$201,MATCH($A13&"|"&7,'Registro Refuerzo'!$J$2:$J$201,0)),"") | V13: =IFERROR(INDEX('Registro Refuerzo'!$K$2:$K$201,MATCH($A13&"|"&8,'Registro Refuerzo'!$J$2:$J$201,0)),"") | W13: =IFERROR(INDEX('Registro Refuerzo'!$K$2:$K$201,MATCH($A13&"|"&9,'Registro Refuerzo'!$J$2:$J$201,0)),"") | X13: =IFERROR(INDEX('Registro Refuerzo'!$K$2:$K$201,MATCH($A13&"|"&10,'Registro Refuerzo'!$J$2:$J$201,0)),"") | Y13: =IFERROR(INDEX('Registro Refuerzo'!$K$2:$K$201,MATCH($A13&"|"&11,'Registro Refuerzo'!$J$2:$J$201,0)),"") | Z13: =IFERROR(INDEX('Registro Refuerzo'!$K$2:$K$201,MATCH($A13&"|"&12,'Registro Refuerzo'!$J$2:$J$201,0)),"")
... A33: VIOLONCHELO | B33: =IFERROR(INDEX(Registro!$AB$2:$AB$501,MATCH($A33&"|"&1,Registro!$AA$2:$AA$501,0)),"") | C33: =IFERROR(INDEX(Registro!$AB$2:$AB$501,MATCH($A33&"|"&2,Registro!$AA$2:$AA$501,0)),"") | D33: =IFERROR(INDEX(Registro!$AB$2:$AB$501,MATCH($A33&"|"&3,Registro!$AA$2:$AA$501,0)),"") | E33: =IFERROR(INDEX(Registro!$AB$2:$AB$501,MATCH($A33&"|"&4,Registro!$AA$2:$AA$501,0)),"") | F33: =IFERROR(INDEX(Registro!$AB$2:$AB$501,MATCH($A33&"|"&5,Registro!$AA$2:$AA$501,0)),"") | H33: =IFERROR(INDEX('Registro Refuerzo'!$K$2:$K$201,MATCH($A33&"|"&1,'Registro Refuerzo'!$J$2:$J$201,0)),"") | I33: =IFERROR(INDEX('Registro Refuerzo'!$K$2:$K$201,MATCH($A33&"|"&2,'Registro Refuerzo'!$J$2:$J$201,0)),"") | J33: =IFERROR(INDEX('Registro Refuerzo'!$K$2:$K$201,MATCH($A33&"|"&3,'Registro Refuerzo'!$J$2:$J$201,0)),"") | K33: =IFERROR(INDEX('Registro Refuerzo'!$K$2:$K$201,MATCH($A33&"|"&4,'Registro Refuerzo'!$J$2:$J$201,0)),"") | L33: =IFERROR(INDEX('Registro Refuerzo'!$K$2:$K$201,MATCH($A33&"|"&5,'Registro Refuerzo'!$J$2:$J$201,0)),"") | M33: =IFERROR(INDEX(Registro!$AB$2:$AB$501,MATCH($A33&"|"&6,Registro!$AA$2:$AA$501,0)),"") | N33: =IFERROR(INDEX(Registro!$AB$2:$AB$501,MATCH($A33&"|"&7,Registro!$AA$2:$AA$501,0)),"") | O33: =IFERROR(INDEX(Registro!$AB$2:$AB$501,MATCH($A33&"|"&8,Registro!$AA$2:$AA$501,0)),"") | P33: =IFERROR(INDEX(Registro!$AB$2:$AB$501,MATCH($A33&"|"&9,Registro!$AA$2:$AA$501,0)),"") | Q33: =IFERROR(INDEX(Registro!$AB$2:$AB$501,MATCH($A33&"|"&10,Registro!$AA$2:$AA$501,0)),"") | R33: =IFERROR(INDEX(Registro!$AB$2:$AB$501,MATCH($A33&"|"&11,Registro!$AA$2:$AA$501,0)),"") | S33: =IFERROR(INDEX(Registro!$AB$2:$AB$501,MATCH($A33&"|"&12,Registro!$AA$2:$AA$501,0)),"") | T33: =IFERROR(INDEX('Registro Refuerzo'!$K$2:$K$201,MATCH($A33&"|"&6,'Registro Refuerzo'!$J$2:$J$201,0)),"") | U33: =IFERROR(INDEX('Registro Refuerzo'!$K$2:$K$201,MATCH($A33&"|"&7,'Registro Refuerzo'!$J$2:$J$201,0)),"") | V33: =IFERROR(INDEX('Registro Refuerzo'!$K$2:$K$201,MATCH($A33&"|"&8,'Registro Refuerzo'!$J$2:$J$201,0)),"") | W33: =IFERROR(INDEX('Registro Refuerzo'!$K$2:$K$201,MATCH($A33&"|"&9,'Registro Refuerzo'!$J$2:$J$201,0)),"") | X33: =IFERROR(INDEX('Registro Refuerzo'!$K$2:$K$201,MATCH($A33&"|"&10,'Registro Refuerzo'!$J$2:$J$201,0)),"") | Y33: =IFERROR(INDEX('Registro Refuerzo'!$K$2:$K$201,MATCH($A33&"|"&11,'Registro Refuerzo'!$J$2:$J$201,0)),"") | Z33: =IFERROR(INDEX('Registro Refuerzo'!$K$2:$K$201,MATCH($A33&"|"&12,'Registro Refuerzo'!$J$2:$J$201,0)),"")

Sheet Contador Refuerzo
A1: REFUERZOS ACTIVOS POR ESPECIALIDAD
A3: REFUERZOS ACTIVOS - ESPECIALIDADES TEÓRICAS
A4: Especialidad | B4: Refuerzos (de vacante) | C4: Refuerzos (sin vacante) | D4: Docente y horario activo
A5: LENGUAJE MUSICAL | C5: =COUNTIFS('Registro Refuerzo'!$D$2:$D$201,A5,'Registro Refuerzo'!$H$2:$H$201,"Activo") -> 0 | D5: =IF(B5+C5=0,"Sin refuerzos activos",IF(B5>0,'Aux Refuerzo'!B2 & IF('Aux Refuerzo'!C2<>""," | "&'Aux Refuerzo'!C2,"") & IF('Aux Refuerzo'!D2<>""," | "&'Aux Refuerzo'!D2,"") & IF('Aux Refuerzo'!E2<>""," | "&'Aux Refuerzo'!E2,"") & IF('Aux Refuerzo'!F2<>""," | "&'Aux Refuerzo'!F2,"") & IF('Aux Refuerzo'!M2<>""," | "&'Aux Refuerzo'!M2,"") & IF('Aux Refuerzo'!N2<>""," | "&'Aux Refuerzo'!N2,"") & IF('Aux Refuerzo'!O2<>""," | "&'Aux Refuerzo'!O2,"") & IF('Aux Refuerzo'!P2<>""," | "&'Aux Refuerzo'!P2,"") & IF('Aux Refuerzo'!Q2<>""," | "&'Aux Refuerzo'!Q2,"") & IF('Aux Refuerzo'!R2<>""," | "&'Aux Refuerzo'!R2,"") & IF('Aux Refuerzo'!S2<>""," | "&'Aux Refuerzo'!S2,"") & IF(B5>12," | (+"&(B5-12)&" más)",""),"")&IF(C5>0,IF(B5>0," | ","")&'Aux Refuerzo'!H2 & IF('Aux Refuerzo'!I2<>""," | "&'Aux Refuerzo'!I2,"") & IF('Aux Refuerzo'!J2<>""," | "&'Aux Refuerzo'!J2,"") & IF('Aux Refuerzo'!K2<>""," | "&'Aux Refuerzo'!K2,"") & IF('Aux Refuerzo'!L2<>""," | "&'Aux Refuerzo'!L2,"") & IF('Aux Refuerzo'!T2<>""," | "&'Aux Refuerzo'!T2,"") & IF('Aux Refuerzo'!U2<>""," | "&'Aux Refuerzo'!U2,"") & IF('Aux Refuerzo'!V2<>""," | "&'Aux Refuerzo'!V2,"") & IF('Aux Refuerzo'!W2<>""," | "&'Aux Refuerzo'!W2,"") & IF('Aux Refuerzo'!X2<>""," | "&'Aux Refuerzo'!X2,"") & IF('Aux Refuerzo'!Y2<>""," | "&'Aux Refuerzo'!Y2,"") & IF('Aux Refuerzo'!Z2<>""," | "&'Aux Refuerzo'!Z2,"") & IF(C5>12," | (+"&(C5-12)&" más)",""),""))
A6: ARMONÍA/ANÁLISIS | C6: =COUNTIFS('Registro Refuerzo'!$D$2:$D$201,A6,'Registro Refuerzo'!$H$2:$H$201,"Activo") -> 0 | D6: =IF(B6+C6=0,"Sin refuerzos activos",IF(B6>0,'Aux Refuerzo'!B3 & IF('Aux Refuerzo'!C3<>""," | "&'Aux Refuerzo'!C3,"") & IF('Aux Refuerzo'!D3<>""," | "&'Aux Refuerzo'!D3,"") & IF('Aux Refuerzo'!E3<>""," | "&'Aux Refuerzo'!E3,"") & IF('Aux Refuerzo'!F3<>""," | "&'Aux Refuerzo'!F3,"") & IF('Aux Refuerzo'!M3<>""," | "&'Aux Refuerzo'!M3,"") & IF('Aux Refuerzo'!N3<>""," | "&'Aux Refuerzo'!N3,"") & IF('Aux Refuerzo'!O3<>""," | "&'Aux Refuerzo'!O3,"") & IF('Aux Refuerzo'!P3<>""," | "&'Aux Refuerzo'!P3,"") & IF('Aux Refuerzo'!Q3<>""," | "&'Aux Refuerzo'!Q3,"") & IF('Aux Refuerzo'!R3<>""," | "&'Aux Refuerzo'!R3,"") & IF('Aux Refuerzo'!S3<>""," | "&'Aux Refuerzo'!S3,"") & IF(B6>12," | (+"&(B6-12)&" más)",""),"")&IF(C6>0,IF(B6>0," | ","")&'Aux Refuerzo'!H3 & IF('Aux Refuerzo'!I3<>""," | "&'Aux Refuerzo'!I3,"") & IF('Aux Refuerzo'!J3<>""," | "&'Aux Refuerzo'!J3,"") & IF('Aux Refuerzo'!K3<>""," | "&'Aux Refuerzo'!K3,"") & IF('Aux Refuerzo'!L3<>""," | "&'Aux Refuerzo'!L3,"") & IF('Aux Refuerzo'!T3<>""," | "&'Aux Refuerzo'!T3,"") & IF('Aux Refuerzo'!U3<>""," | "&'Aux Refuerzo'!U3,"") & IF('Aux Refuerzo'!V3<>""," | "&'Aux Refuerzo'!V3,"") & IF('Aux Refuerzo'!W3<>""," | "&'Aux Refuerzo'!W3,"") & IF('Aux Refuerzo'!X3<>""," | "&'Aux Refuerzo'!X3,"") & IF('Aux Refuerzo'!Y3<>""," | "&'Aux Refuerzo'!Y3,"") & IF('Aux Refuerzo'!Z3<>""," | "&'Aux Refuerzo'!Z3,"") & IF(C6>12," | (+"&(C6-12)&" más)",""),""))
A7: HISTORIA | C7: =COUNTIFS('Registro Refuerzo'!$D$2:$D$201,A7,'Registro Refuerzo'!$H$2:$H$201,"Activo") -> 0 | D7: =IF(B7+C7=0,"Sin refuerzos activos",IF(B7>0,'Aux Refuerzo'!B4 & IF('Aux Refuerzo'!C4<>""," | "&'Aux Refuerzo'!C4,"") & IF('Aux Refuerzo'!D4<>""," | "&'Aux Refuerzo'!D4,"") & IF('Aux Refuerzo'!E4<>""," | "&'Aux Refuerzo'!E4,"") & IF('Aux Refuerzo'!F4<>""," | "&'Aux Refuerzo'!F4,"") & IF('Aux Refuerzo'!M4<>""," | "&'Aux Refuerzo'!M4,"") & IF('Aux Refuerzo'!N4<>""," | "&'Aux Refuerzo'!N4,"") & IF('Aux Refuerzo'!O4<>""," | "&'Aux Refuerzo'!O4,"") & IF('Aux Refuerzo'!P4<>""," | "&'Aux Refuerzo'!P4,"") & IF('Aux Refuerzo'!Q4<>""," | "&'Aux Refuerzo'!Q4,"") & IF('Aux Refuerzo'!R4<>""," | "&'Aux Refuerzo'!R4,"") & IF('Aux Refuerzo'!S4<>""," | "&'Aux Refuerzo'!S4,"") & IF(B7>12," | (+"&(B7-12)&" más)",""),"")&IF(C7>0,IF(B7>0," | ","")&'Aux Refuerzo'!H4 & IF('Aux Refuerzo'!I4<>""," | "&'Aux Refuerzo'!I4,"") & IF('Aux Refuerzo'!J4<>""," | "&'Aux Refuerzo'!J4,"") & IF('Aux Refuerzo'!K4<>""," | "&'Aux Refuerzo'!K4,"") & IF('Aux Refuerzo'!L4<>""," | "&'Aux Refuerzo'!L4,"") & IF('Aux Refuerzo'!T4<>""," | "&'Aux Refuerzo'!T4,"") & IF('Aux Refuerzo'!U4<>""," | "&'Aux Refuerzo'!U4,"") & IF('Aux Refuerzo'!V4<>""," | "&'Aux Refuerzo'!V4,"") & IF('Aux Refuerzo'!W4<>""," | "&'Aux Refuerzo'!W4,"") & IF('Aux Refuerzo'!X4<>""," | "&'Aux Refuerzo'!X4,"") & IF('Aux Refuerzo'!Y4<>""," | "&'Aux Refuerzo'!Y4,"") & IF('Aux Refuerzo'!Z4<>""," | "&'Aux Refuerzo'!Z4,"") & IF(C7>12," | (+"&(C7-12)&" más)",""),""))
A9: REFUERZOS ACTIVOS - ESPECIALIDADES INSTRUMENTALES
A10: Especialidad | B10: Refuerzos (de vacante) | C10: Refuerzos (sin vacante) | D10: Docente y horario activo
A11: ACORDEÓN | B11: =COUNTIFS(Registro!$D$2:$D$501,A11,Registro!$O$2:$O$501,"Sí") -> 0 | D11: =IF(B11+C11=0,"Sin refuerzos activos",IF(B11>0,'Aux Refuerzo'!B5 & IF('Aux Refuerzo'!C5<>""," | "&'Aux Refuerzo'!C5,"") & IF('Aux Refuerzo'!D5<>""," | "&'Aux Refuerzo'!D5,"") & IF('Aux Refuerzo'!E5<>""," | "&'Aux Refuerzo'!E5,"") & IF('Aux Refuerzo'!F5<>""," | "&'Aux Refuerzo'!F5,"") & IF('Aux Refuerzo'!M5<>""," | "&'Aux Refuerzo'!M5,"") & IF('Aux Refuerzo'!N5<>""," | "&'Aux Refuerzo'!N5,"") & IF('Aux Refuerzo'!O5<>""," | "&'Aux Refuerzo'!O5,"") & IF('Aux Refuerzo'!P5<>""," | "&'Aux Refuerzo'!P5,"") & IF('Aux Refuerzo'!Q5<>""," | "&'Aux Refuerzo'!Q5,"") & IF('Aux Refuerzo'!R5<>""," | "&'Aux Refuerzo'!R5,"") & IF('Aux Refuerzo'!S5<>""," | "&'Aux Refuerzo'!S5,"") & IF(B11>12," | (+"&(B11-12)&" más)",""),"")&IF(C11>0,IF(B11>0," | ","")&'Aux Refuerzo'!H5 & IF('Aux Refuerzo'!I5<>""," | "&'Aux Refuerzo'!I5,"") & IF('Aux Refuerzo'!J5<>""," | "&'Aux Refuerzo'!J5,"") & IF('Aux Refuerzo'!K5<>""," | "&'Aux Refuerzo'!K5,"") & IF('Aux Refuerzo'!L5<>""," | "&'Aux Refuerzo'!L5,"") & IF('Aux Refuerzo'!T5<>""," | "&'Aux Refuerzo'!T5,"") & IF('Aux Refuerzo'!U5<>""," | "&'Aux Refuerzo'!U5,"") & IF('Aux Refuerzo'!V5<>""," | "&'Aux Refuerzo'!V5,"") & IF('Aux Refuerzo'!W5<>""," | "&'Aux Refuerzo'!W5,"") & IF('Aux Refuerzo'!X5<>""," | "&'Aux Refuerzo'!X5,"") & IF('Aux Refuerzo'!Y5<>""," | "&'Aux Refuerzo'!Y5,"") & IF('Aux Refuerzo'!Z5<>""," | "&'Aux Refuerzo'!Z5,"") & IF(C11>12," | (+"&(C11-12)&" más)",""),""))
A12: ARPA | B12: =COUNTIFS(Registro!$D$2:$D$501,A12,Registro!$O$2:$O$501,"Sí") -> 0 | D12: =IF(B12+C12=0,"Sin refuerzos activos",IF(B12>0,'Aux Refuerzo'!B6 & IF('Aux Refuerzo'!C6<>""," | "&'Aux Refuerzo'!C6,"") & IF('Aux Refuerzo'!D6<>""," | "&'Aux Refuerzo'!D6,"") & IF('Aux Refuerzo'!E6<>""," | "&'Aux Refuerzo'!E6,"") & IF('Aux Refuerzo'!F6<>""," | "&'Aux Refuerzo'!F6,"") & IF('Aux Refuerzo'!M6<>""," | "&'Aux Refuerzo'!M6,"") & IF('Aux Refuerzo'!N6<>""," | "&'Aux Refuerzo'!N6,"") & IF('Aux Refuerzo'!O6<>""," | "&'Aux Refuerzo'!O6,"") & IF('Aux Refuerzo'!P6<>""," | "&'Aux Refuerzo'!P6,"") & IF('Aux Refuerzo'!Q6<>""," | "&'Aux Refuerzo'!Q6,"") & IF('Aux Refuerzo'!R6<>""," | "&'Aux Refuerzo'!R6,"") & IF('Aux Refuerzo'!S6<>""," | "&'Aux Refuerzo'!S6,"") & IF(B12>12," | (+"&(B12-12)&" más)",""),"")&IF(C12>0,IF(B12>0," | ","")&'Aux Refuerzo'!H6 & IF('Aux Refuerzo'!I6<>""," | "&'Aux Refuerzo'!I6,"") & IF('Aux Refuerzo'!J6<>""," | "&'Aux Refuerzo'!J6,"") & IF('Aux Refuerzo'!K6<>""," | "&'Aux Refuerzo'!K6,"") & IF('Aux Refuerzo'!L6<>""," | "&'Aux Refuerzo'!L6,"") & IF('Aux Refuerzo'!T6<>""," | "&'Aux Refuerzo'!T6,"") & IF('Aux Refuerzo'!U6<>""," | "&'Aux Refuerzo'!U6,"") & IF('Aux Refuerzo'!V6<>""," | "&'Aux Refuerzo'!V6,"") & IF('Aux Refuerzo'!W6<>""," | "&'Aux Refuerzo'!W6,"") & IF('Aux Refuerzo'!X6<>""," | "&'Aux Refuerzo'!X6,"") & IF('Aux Refuerzo'!Y6<>""," | "&'Aux Refuerzo'!Y6,"") & IF('Aux Refuerzo'!Z6<>""," | "&'Aux Refuerzo'!Z6,"") & IF(C12>12," | (+"&(C12-12)&" más)",""),""))
A13: BAJO ELÉCTRICO | B13: =COUNTIFS(Registro!$D$2:$D$501,A13,Registro!$O$2:$O$501,"Sí") -> 0 | D13: =IF(B13+C13=0,"Sin refuerzos activos",IF(B13>0,'Aux Refuerzo'!B7 & IF('Aux Refuerzo'!C7<>""," | "&'Aux Refuerzo'!C7,"") & IF('Aux Refuerzo'!D7<>""," | "&'Aux Refuerzo'!D7,"") & IF('Aux Refuerzo'!E7<>""," | "&'Aux Refuerzo'!E7,"") & IF('Aux Refuerzo'!F7<>""," | "&'Aux Refuerzo'!F7,"") & IF('Aux Refuerzo'!M7<>""," | "&'Aux Refuerzo'!M7,"") & IF('Aux Refuerzo'!N7<>""," | "&'Aux Refuerzo'!N7,"") & IF('Aux Refuerzo'!O7<>""," | "&'Aux Refuerzo'!O7,"") & IF('Aux Refuerzo'!P7<>""," | "&'Aux Refuerzo'!P7,"") & IF('Aux Refuerzo'!Q7<>""," | "&'Aux Refuerzo'!Q7,"") & IF('Aux Refuerzo'!R7<>""," | "&'Aux Refuerzo'!R7,"") & IF('Aux Refuerzo'!S7<>""," | "&'Aux Refuerzo'!S7,"") & IF(B13>12," | (+"&(B13-12)&" más)",""),"")&IF(C13>0,IF(B13>0," | ","")&'Aux Refuerzo'!H7 & IF('Aux Refuerzo'!I7<>""," | "&'Aux Refuerzo'!I7,"") & IF('Aux Refuerzo'!J7<>""," | "&'Aux Refuerzo'!J7,"") & IF('Aux Refuerzo'!K7<>""," | "&'Aux Refuerzo'!K7,"") & IF('Aux Refuerzo'!L7<>""," | "&'Aux Refuerzo'!L7,"") & IF('Aux Refuerzo'!T7<>""," | "&'Aux Refuerzo'!T7,"") & IF('Aux Refuerzo'!U7<>""," | "&'Aux Refuerzo'!U7,"") & IF('Aux Refuerzo'!V7<>""," | "&'Aux Refuerzo'!V7,"") & IF('Aux Refuerzo'!W7<>""," | "&'Aux Refuerzo'!W7,"") & IF('Aux Refuerzo'!X7<>""," | "&'Aux Refuerzo'!X7,"") & IF('Aux Refuerzo'!Y7<>""," | "&'Aux Refuerzo'!Y7,"") & IF('Aux Refuerzo'!Z7<>""," | "&'Aux Refuerzo'!Z7,"") & IF(C13>12," | (+"&(C13-12)&" más)",""),""))
A14: CANTO | B14: =COUNTIFS(Registro!$D$2:$D$501,A14,Registro!$O$2:$O$501,"Sí") -> 0 | D14: =IF(B14+C14=0,"Sin refuerzos activos",IF(B14>0,'Aux Refuerzo'!B8 & IF('Aux Refuerzo'!C8<>""," | "&'Aux Refuerzo'!C8,"") & IF('Aux Refuerzo'!D8<>""," | "&'Aux Refuerzo'!D8,"") & IF('Aux Refuerzo'!E8<>""," | "&'Aux Refuerzo'!E8,"") & IF('Aux Refuerzo'!F8<>""," | "&'Aux Refuerzo'!F8,"") & IF('Aux Refuerzo'!M8<>""," | "&'Aux Refuerzo'!M8,"") & IF('Aux Refuerzo'!N8<>""," | "&'Aux Refuerzo'!N8,"") & IF('Aux Refuerzo'!O8<>""," | "&'Aux Refuerzo'!O8,"") & IF('Aux Refuerzo'!P8<>""," | "&'Aux Refuerzo'!P8,"") & IF('Aux Refuerzo'!Q8<>""," | "&'Aux Refuerzo'!Q8,"") & IF('Aux Refuerzo'!R8<>""," | "&'Aux Refuerzo'!R8,"") & IF('Aux Refuerzo'!S8<>""," | "&'Aux Refuerzo'!S8,"") & IF(B14>12," | (+"&(B14-12)&" más)",""),"")&IF(C14>0,IF(B14>0," | ","")&'Aux Refuerzo'!H8 & IF('Aux Refuerzo'!I8<>""," | "&'Aux Refuerzo'!I8,"") & IF('Aux Refuerzo'!J8<>""," | "&'Aux Refuerzo'!J8,"") & IF('Aux Refuerzo'!K8<>""," | "&'Aux Refuerzo'!K8,"") & IF('Aux Refuerzo'!L8<>""," | "&'Aux Refuerzo'!L8,"") & IF('Aux Refuerzo'!T8<>""," | "&'Aux Refuerzo'!T8,"") & IF('Aux Refuerzo'!U8<>""," | "&'Aux Refuerzo'!U8,"") & IF('Aux Refuerzo'!V8<>""," | "&'Aux Refuerzo'!V8,"") & IF('Aux Refuerzo'!W8<>""," | "&'Aux Refuerzo'!W8,"") & IF('Aux Refuerzo'!X8<>""," | "&'Aux Refuerzo'!X8,"") & IF('Aux Refuerzo'!Y8<>""," | "&'Aux Refuerzo'!Y8,"") & IF('Aux Refuerzo'!Z8<>""," | "&'Aux Refuerzo'!Z8,"") & IF(C14>12," | (+"&(C14-12)&" más)",""),""))
A15: CANTO VALENCIANO | B15: =COUNTIFS(Registro!$D$2:$D$501,A15,Registro!$O$2:$O$501,"Sí") -> 0 | D15: =IF(B15+C15=0,"Sin refuerzos activos",IF(B15>0,'Aux Refuerzo'!B9 & IF('Aux Refuerzo'!C9<>""," | "&'Aux Refuerzo'!C9,"") & IF('Aux Refuerzo'!D9<>""," | "&'Aux Refuerzo'!D9,"") & IF('Aux Refuerzo'!E9<>""," | "&'Aux Refuerzo'!E9,"") & IF('Aux Refuerzo'!F9<>""," | "&'Aux Refuerzo'!F9,"") & IF('Aux Refuerzo'!M9<>""," | "&'Aux Refuerzo'!M9,"") & IF('Aux Refuerzo'!N9<>""," | "&'Aux Refuerzo'!N9,"") & IF('Aux Refuerzo'!O9<>""," | "&'Aux Refuerzo'!O9,"") & IF('Aux Refuerzo'!P9<>""," | "&'Aux Refuerzo'!P9,"") & IF('Aux Refuerzo'!Q9<>""," | "&'Aux Refuerzo'!Q9,"") & IF('Aux Refuerzo'!R9<>""," | "&'Aux Refuerzo'!R9,"") & IF('Aux Refuerzo'!S9<>""," | "&'Aux Refuerzo'!S9,"") & IF(B15>12," | (+"&(B15-12)&" más)",""),"")&IF(C15>0,IF(B15>0," | ","")&'Aux Refuerzo'!H9 & IF('Aux Refuerzo'!I9<>""," | "&'Aux Refuerzo'!I9,"") & IF('Aux Refuerzo'!J9<>""," | "&'Aux Refuerzo'!J9,"") & IF('Aux Refuerzo'!K9<>""," | "&'Aux Refuerzo'!K9,"") & IF('Aux Refuerzo'!L9<>""," | "&'Aux Refuerzo'!L9,"") & IF('Aux Refuerzo'!T9<>""," | "&'Aux Refuerzo'!T9,"") & IF('Aux Refuerzo'!U9<>""," | "&'Aux Refuerzo'!U9,"") & IF('Aux Refuerzo'!V9<>""," | "&'Aux Refuerzo'!V9,"") & IF('Aux Refuerzo'!W9<>""," | "&'Aux Refuerzo'!W9,"") & IF('Aux Refuerzo'!X9<>""," | "&'Aux Refuerzo'!X9,"") & IF('Aux Refuerzo'!Y9<>""," | "&'Aux Refuerzo'!Y9,"") & IF('Aux Refuerzo'!Z9<>""," | "&'Aux Refuerzo'!Z9,"") & IF(C15>12," | (+"&(C15-12)&" más)",""),""))
A16: CLARINETE | B16: =COUNTIFS(Registro!$D$2:$D$501,A16,Registro!$O$2:$O$501,"Sí") -> 0 | D16: =IF(B16+C16=0,"Sin refuerzos activos",IF(B16>0,'Aux Refuerzo'!B10 & IF('Aux Refuerzo'!C10<>""," | "&'Aux Refuerzo'!C10,"") & IF('Aux Refuerzo'!D10<>""," | "&'Aux Refuerzo'!D10,"") & IF('Aux Refuerzo'!E10<>""," | "&'Aux Refuerzo'!E10,"") & IF('Aux Refuerzo'!F10<>""," | "&'Aux Refuerzo'!F10,"") & IF('Aux Refuerzo'!M10<>""," | "&'Aux Refuerzo'!M10,"") & IF('Aux Refuerzo'!N10<>""," | "&'Aux Refuerzo'!N10,"") & IF('Aux Refuerzo'!O10<>""," | "&'Aux Refuerzo'!O10,"") & IF('Aux Refuerzo'!P10<>""," | "&'Aux Refuerzo'!P10,"") & IF('Aux Refuerzo'!Q10<>""," | "&'Aux Refuerzo'!Q10,"") & IF('Aux Refuerzo'!R10<>""," | "&'Aux Refuerzo'!R10,"") & IF('Aux Refuerzo'!S10<>""," | "&'Aux Refuerzo'!S10,"") & IF(B16>12," | (+"&(B16-12)&" más)",""),"")&IF(C16>0,IF(B16>0," | ","")&'Aux Refuerzo'!H10 & IF('Aux Refuerzo'!I10<>""," | "&'Aux Refuerzo'!I10,"") & IF('Aux Refuerzo'!J10<>""," | "&'Aux Refuerzo'!J10,"") & IF('Aux Refuerzo'!K10<>""," | "&'Aux Refuerzo'!K10,"") & IF('Aux Refuerzo'!L10<>""," | "&'Aux Refuerzo'!L10,"") & IF('Aux Refuerzo'!T10<>""," | "&'Aux Refuerzo'!T10,"") & IF('Aux Refuerzo'!U10<>""," | "&'Aux Refuerzo'!U10,"") & IF('Aux Refuerzo'!V10<>""," | "&'Aux Refuerzo'!V10,"") & IF('Aux Refuerzo'!W10<>""," | "&'Aux Refuerzo'!W10,"") & IF('Aux Refuerzo'!X10<>""," | "&'Aux Refuerzo'!X10,"") & IF('Aux Refuerzo'!Y10<>""," | "&'Aux Refuerzo'!Y10,"") & IF('Aux Refuerzo'!Z10<>""," | "&'Aux Refuerzo'!Z10,"") & IF(C16>12," | (+"&(C16-12)&" más)",""),""))
A17: CLAVICÉMBALO | B17: =COUNTIFS(Registro!$D$2:$D$501,A17,Registro!$O$2:$O$501,"Sí") -> 0 | D17: =IF(B17+C17=0,"Sin refuerzos activos",IF(B17>0,'Aux Refuerzo'!B11 & IF('Aux Refuerzo'!C11<>""," | "&'Aux Refuerzo'!C11,"") & IF('Aux Refuerzo'!D11<>""," | "&'Aux Refuerzo'!D11,"") & IF('Aux Refuerzo'!E11<>""," | "&'Aux Refuerzo'!E11,"") & IF('Aux Refuerzo'!F11<>""," | "&'Aux Refuerzo'!F11,"") & IF('Aux Refuerzo'!M11<>""," | "&'Aux Refuerzo'!M11,"") & IF('Aux Refuerzo'!N11<>""," | "&'Aux Refuerzo'!N11,"") & IF('Aux Refuerzo'!O11<>""," | "&'Aux Refuerzo'!O11,"") & IF('Aux Refuerzo'!P11<>""," | "&'Aux Refuerzo'!P11,"") & IF('Aux Refuerzo'!Q11<>""," | "&'Aux Refuerzo'!Q11,"") & IF('Aux Refuerzo'!R11<>""," | "&'Aux Refuerzo'!R11,"") & IF('Aux Refuerzo'!S11<>""," | "&'Aux Refuerzo'!S11,"") & IF(B17>12," | (+"&(B17-12)&" más)",""),"")&IF(C17>0,IF(B17>0," | ","")&'Aux Refuerzo'!H11 & IF('Aux Refuerzo'!I11<>""," | "&'Aux Refuerzo'!I11,"") & IF('Aux Refuerzo'!J11<>""," | "&'Aux Refuerzo'!J11,"") & IF('Aux Refuerzo'!K11<>""," | "&'Aux Refuerzo'!K11,"") & IF('Aux Refuerzo'!L11<>""," | "&'Aux Refuerzo'!L11,"") & IF('Aux Refuerzo'!T11<>""," | "&'Aux Refuerzo'!T11,"") & IF('Aux Refuerzo'!U11<>""," | "&'Aux Refuerzo'!U11,"") & IF('Aux Refuerzo'!V11<>""," | "&'Aux Refuerzo'!V11,"") & IF('Aux Refuerzo'!W11<>""," | "&'Aux Refuerzo'!W11,"") & IF('Aux Refuerzo'!X11<>""," | "&'Aux Refuerzo'!X11,"") & IF('Aux Refuerzo'!Y11<>""," | "&'Aux Refuerzo'!Y11,"") & IF('Aux Refuerzo'!Z11<>""," | "&'Aux Refuerzo'!Z11,"") & IF(C17>12," | (+"&(C17-12)&" más)",""),""))
A18: CONTRABAJO | B18: =COUNTIFS(Registro!$D$2:$D$501,A18,Registro!$O$2:$O$501,"Sí") -> 0 | D18: =IF(B18+C18=0,"Sin refuerzos activos",IF(B18>0,'Aux Refuerzo'!B12 & IF('Aux Refuerzo'!C12<>""," | "&'Aux Refuerzo'!C12,"") & IF('Aux Refuerzo'!D12<>""," | "&'Aux Refuerzo'!D12,"") & IF('Aux Refuerzo'!E12<>""," | "&'Aux Refuerzo'!E12,"") & IF('Aux Refuerzo'!F12<>""," | "&'Aux Refuerzo'!F12,"") & IF('Aux Refuerzo'!M12<>""," | "&'Aux Refuerzo'!M12,"") & IF('Aux Refuerzo'!N12<>""," | "&'Aux Refuerzo'!N12,"") & IF('Aux Refuerzo'!O12<>""," | "&'Aux Refuerzo'!O12,"") & IF('Aux Refuerzo'!P12<>""," | "&'Aux Refuerzo'!P12,"") & IF('Aux Refuerzo'!Q12<>""," | "&'Aux Refuerzo'!Q12,"") & IF('Aux Refuerzo'!R12<>""," | "&'Aux Refuerzo'!R12,"") & IF('Aux Refuerzo'!S12<>""," | "&'Aux Refuerzo'!S12,"") & IF(B18>12," | (+"&(B18-12)&" más)",""),"")&IF(C18>0,IF(B18>0," | ","")&'Aux Refuerzo'!H12 & IF('Aux Refuerzo'!I12<>""," | "&'Aux Refuerzo'!I12,"") & IF('Aux Refuerzo'!J12<>""," | "&'Aux Refuerzo'!J12,"") & IF('Aux Refuerzo'!K12<>""," | "&'Aux Refuerzo'!K12,"") & IF('Aux Refuerzo'!L12<>""," | "&'Aux Refuerzo'!L12,"") & IF('Aux Refuerzo'!T12<>""," | "&'Aux Refuerzo'!T12,"") & IF('Aux Refuerzo'!U12<>""," | "&'Aux Refuerzo'!U12,"") & IF('Aux Refuerzo'!V12<>""," | "&'Aux Refuerzo'!V12,"") & IF('Aux Refuerzo'!W12<>""," | "&'Aux Refuerzo'!W12,"") & IF('Aux Refuerzo'!X12<>""," | "&'Aux Refuerzo'!X12,"") & IF('Aux Refuerzo'!Y12<>""," | "&'Aux Refuerzo'!Y12,"") & IF('Aux Refuerzo'!Z12<>""," | "&'Aux Refuerzo'!Z12,"") & IF(C18>12," | (+"&(C18-12)&" más)",""),""))
A19: DOLÇAINA | B19: =COUNTIFS(Registro!$D$2:$D$501,A19,Registro!$O$2:$O$501,"Sí") -> 0 | D19: =IF(B19+C19=0,"Sin refuerzos activos",IF(B19>0,'Aux Refuerzo'!B13 & IF('Aux Refuerzo'!C13<>""," | "&'Aux Refuerzo'!C13,"") & IF('Aux Refuerzo'!D13<>""," | "&'Aux Refuerzo'!D13,"") & IF('Aux Refuerzo'!E13<>""," | "&'Aux Refuerzo'!E13,"") & IF('Aux Refuerzo'!F13<>""," | "&'Aux Refuerzo'!F13,"") & IF('Aux Refuerzo'!M13<>""," | "&'Aux Refuerzo'!M13,"") & IF('Aux Refuerzo'!N13<>""," | "&'Aux Refuerzo'!N13,"") & IF('Aux Refuerzo'!O13<>""," | "&'Aux Refuerzo'!O13,"") & IF('Aux Refuerzo'!P13<>""," | "&'Aux Refuerzo'!P13,"") & IF('Aux Refuerzo'!Q13<>""," | "&'Aux Refuerzo'!Q13,"") & IF('Aux Refuerzo'!R13<>""," | "&'Aux Refuerzo'!R13,"") & IF('Aux Refuerzo'!S13<>""," | "&'Aux Refuerzo'!S13,"") & IF(B19>12," | (+"&(B19-12)&" más)",""),"")&IF(C19>0,IF(B19>0," | ","")&'Aux Refuerzo'!H13 & IF('Aux Refuerzo'!I13<>""," | "&'Aux Refuerzo'!I13,"") & IF('Aux Refuerzo'!J13<>""," | "&'Aux Refuerzo'!J13,"") & IF('Aux Refuerzo'!K13<>""," | "&'Aux Refuerzo'!K13,"") & IF('Aux Refuerzo'!L13<>""," | "&'Aux Refuerzo'!L13,"") & IF('Aux Refuerzo'!T13<>""," | "&'Aux Refuerzo'!T13,"") & IF('Aux Refuerzo'!U13<>""," | "&'Aux Refuerzo'!U13,"") & IF('Aux Refuerzo'!V13<>""," | "&'Aux Refuerzo'!V13,"") & IF('Aux Refuerzo'!W13<>""," | "&'Aux Refuerzo'!W13,"") & IF('Aux Refuerzo'!X13<>""," | "&'Aux Refuerzo'!X13,"") & IF('Aux Refuerzo'!Y13<>""," | "&'Aux Refuerzo'!Y13,"") & IF('Aux Refuerzo'!Z13<>""," | "&'Aux Refuerzo'!Z13,"") & IF(C19>12," | (+"&(C19-12)&" más)",""),""))
A20: FAGOT | B20: =COUNTIFS(Registro!$D$2:$D$501,A20,Registro!$O$2:$O$501,"Sí") -> 0 | D20: =IF(B20+C20=0,"Sin refuerzos activos",IF(B20>0,'Aux Refuerzo'!B14 & IF('Aux Refuerzo'!C14<>""," | "&'Aux Refuerzo'!C14,"") & IF('Aux Refuerzo'!D14<>""," | "&'Aux Refuerzo'!D14,"") & IF('Aux Refuerzo'!E14<>""," | "&'Aux Refuerzo'!E14,"") & IF('Aux Refuerzo'!F14<>""," | "&'Aux Refuerzo'!F14,"") & IF('Aux Refuerzo'!M14<>""," | "&'Aux Refuerzo'!M14,"") & IF('Aux Refuerzo'!N14<>""," | "&'Aux Refuerzo'!N14,"") & IF('Aux Refuerzo'!O14<>""," | "&'Aux Refuerzo'!O14,"") & IF('Aux Refuerzo'!P14<>""," | "&'Aux Refuerzo'!P14,"") & IF('Aux Refuerzo'!Q14<>""," | "&'Aux Refuerzo'!Q14,"") & IF('Aux Refuerzo'!R14<>""," | "&'Aux Refuerzo'!R14,"") & IF('Aux Refuerzo'!S14<>""," | "&'Aux Refuerzo'!S14,"") & IF(B20>12," | (+"&(B20-12)&" más)",""),"")&IF(C20>0,IF(B20>0," | ","")&'Aux Refuerzo'!H14 & IF('Aux Refuerzo'!I14<>""," | "&'Aux Refuerzo'!I14,"") & IF('Aux Refuerzo'!J14<>""," | "&'Aux Refuerzo'!J14,"") & IF('Aux Refuerzo'!K14<>""," | "&'Aux Refuerzo'!K14,"") & IF('Aux Refuerzo'!L14<>""," | "&'Aux Refuerzo'!L14,"") & IF('Aux Refuerzo'!T14<>""," | "&'Aux Refuerzo'!T14,"") & IF('Aux Refuerzo'!U14<>""," | "&'Aux Refuerzo'!U14,"") & IF('Aux Refuerzo'!V14<>""," | "&'Aux Refuerzo'!V14,"") & IF('Aux Refuerzo'!W14<>""," | "&'Aux Refuerzo'!W14,"") & IF('Aux Refuerzo'!X14<>""," | "&'Aux Refuerzo'!X14,"") & IF('Aux Refuerzo'!Y14<>""," | "&'Aux Refuerzo'!Y14,"") & IF('Aux Refuerzo'!Z14<>""," | "&'Aux Refuerzo'!Z14,"") & IF(C20>12," | (+"&(C20-12)&" más)",""),""))
A21: FLAUTA DE PICO | B21: =COUNTIFS(Registro!$D$2:$D$501,A21,Registro!$O$2:$O$501,"Sí") -> 0 | D21: =IF(B21+C21=0,"Sin refuerzos activos",IF(B21>0,'Aux Refuerzo'!B15 & IF('Aux Refuerzo'!C15<>""," | "&'Aux Refuerzo'!C15,"") & IF('Aux Refuerzo'!D15<>""," | "&'Aux Refuerzo'!D15,"") & IF('Aux Refuerzo'!E15<>""," | "&'Aux Refuerzo'!E15,"") & IF('Aux Refuerzo'!F15<>""," | "&'Aux Refuerzo'!F15,"") & IF('Aux Refuerzo'!M15<>""," | "&'Aux Refuerzo'!M15,"") & IF('Aux Refuerzo'!N15<>""," | "&'Aux Refuerzo'!N15,"") & IF('Aux Refuerzo'!O15<>""," | "&'Aux Refuerzo'!O15,"") & IF('Aux Refuerzo'!P15<>""," | "&'Aux Refuerzo'!P15,"") & IF('Aux Refuerzo'!Q15<>""," | "&'Aux Refuerzo'!Q15,"") & IF('Aux Refuerzo'!R15<>""," | "&'Aux Refuerzo'!R15,"") & IF('Aux Refuerzo'!S15<>""," | "&'Aux Refuerzo'!S15,"") & IF(B21>12," | (+"&(B21-12)&" más)",""),"")&IF(C21>0,IF(B21>0," | ","")&'Aux Refuerzo'!H15 & IF('Aux Refuerzo'!I15<>""," | "&'Aux Refuerzo'!I15,"") & IF('Aux Refuerzo'!J15<>""," | "&'Aux Refuerzo'!J15,"") & IF('Aux Refuerzo'!K15<>""," | "&'Aux Refuerzo'!K15,"") & IF('Aux Refuerzo'!L15<>""," | "&'Aux Refuerzo'!L15,"") & IF('Aux Refuerzo'!T15<>""," | "&'Aux Refuerzo'!T15,"") & IF('Aux Refuerzo'!U15<>""," | "&'Aux Refuerzo'!U15,"") & IF('Aux Refuerzo'!V15<>""," | "&'Aux Refuerzo'!V15,"") & IF('Aux Refuerzo'!W15<>""," | "&'Aux Refuerzo'!W15,"") & IF('Aux Refuerzo'!X15<>""," | "&'Aux Refuerzo'!X15,"") & IF('Aux Refuerzo'!Y15<>""," | "&'Aux Refuerzo'!Y15,"") & IF('Aux Refuerzo'!Z15<>""," | "&'Aux Refuerzo'!Z15,"") & IF(C21>12," | (+"&(C21-12)&" más)",""),""))
A22: FLAUTA TRAVERSA | B22: =COUNTIFS(Registro!$D$2:$D$501,A22,Registro!$O$2:$O$501,"Sí") -> 0 | D22: =IF(B22+C22=0,"Sin refuerzos activos",IF(B22>0,'Aux Refuerzo'!B16 & IF('Aux Refuerzo'!C16<>""," | "&'Aux Refuerzo'!C16,"") & IF('Aux Refuerzo'!D16<>""," | "&'Aux Refuerzo'!D16,"") & IF('Aux Refuerzo'!E16<>""," | "&'Aux Refuerzo'!E16,"") & IF('Aux Refuerzo'!F16<>""," | "&'Aux Refuerzo'!F16,"") & IF('Aux Refuerzo'!M16<>""," | "&'Aux Refuerzo'!M16,"") & IF('Aux Refuerzo'!N16<>""," | "&'Aux Refuerzo'!N16,"") & IF('Aux Refuerzo'!O16<>""," | "&'Aux Refuerzo'!O16,"") & IF('Aux Refuerzo'!P16<>""," | "&'Aux Refuerzo'!P16,"") & IF('Aux Refuerzo'!Q16<>""," | "&'Aux Refuerzo'!Q16,"") & IF('Aux Refuerzo'!R16<>""," | "&'Aux Refuerzo'!R16,"") & IF('Aux Refuerzo'!S16<>""," | "&'Aux Refuerzo'!S16,"") & IF(B22>12," | (+"&(B22-12)&" más)",""),"")&IF(C22>0,IF(B22>0," | ","")&'Aux Refuerzo'!H16 & IF('Aux Refuerzo'!I16<>""," | "&'Aux Refuerzo'!I16,"") & IF('Aux Refuerzo'!J16<>""," | "&'Aux Refuerzo'!J16,"") & IF('Aux Refuerzo'!K16<>""," | "&'Aux Refuerzo'!K16,"") & IF('Aux Refuerzo'!L16<>""," | "&'Aux Refuerzo'!L16,"") & IF('Aux Refuerzo'!T16<>""," | "&'Aux Refuerzo'!T16,"") & IF('Aux Refuerzo'!U16<>""," | "&'Aux Refuerzo'!U16,"") & IF('Aux Refuerzo'!V16<>""," | "&'Aux Refuerzo'!V16,"") & IF('Aux Refuerzo'!W16<>""," | "&'Aux Refuerzo'!W16,"") & IF('Aux Refuerzo'!X16<>""," | "&'Aux Refuerzo'!X16,"") & IF('Aux Refuerzo'!Y16<>""," | "&'Aux Refuerzo'!Y16,"") & IF('Aux Refuerzo'!Z16<>""," | "&'Aux Refuerzo'!Z16,"") & IF(C22>12," | (+"&(C22-12)&" más)",""),""))
... A39: VIOLONCHELO | B39: =COUNTIFS(Registro!$D$2:$D$501,A39,Registro!$O$2:$O$501,"Sí") -> 0 | D39: =IF(B39+C39=0,"Sin refuerzos activos",IF(B39>0,'Aux Refuerzo'!B33 & IF('Aux Refuerzo'!C33<>""," | "&'Aux Refuerzo'!C33,"") & IF('Aux Refuerzo'!D33<>""," | "&'Aux Refuerzo'!D33,"") & IF('Aux Refuerzo'!E33<>""," | "&'Aux Refuerzo'!E33,"") & IF('Aux Refuerzo'!F33<>""," | "&'Aux Refuerzo'!F33,"") & IF('Aux Refuerzo'!M33<>""," | "&'Aux Refuerzo'!M33,"") & IF('Aux Refuerzo'!N33<>""," | "&'Aux Refuerzo'!N33,"") & IF('Aux Refuerzo'!O33<>""," | "&'Aux Refuerzo'!O33,"") & IF('Aux Refuerzo'!P33<>""," | "&'Aux Refuerzo'!P33,"") & IF('Aux Refuerzo'!Q33<>""," | "&'Aux Refuerzo'!Q33,"") & IF('Aux Refuerzo'!R33<>""," | "&'Aux Refuerzo'!R33,"") & IF('Aux Refuerzo'!S33<>""," | "&'Aux Refuerzo'!S33,"") & IF(B39>12," | (+"&(B39-12)&" más)",""),"")&IF(C39>0,IF(B39>0," | ","")&'Aux Refuerzo'!H33 & IF('Aux Refuerzo'!I33<>""," | "&'Aux Refuerzo'!I33,"") & IF('Aux Refuerzo'!J33<>""," | "&'Aux Refuerzo'!J33,"") & IF('Aux Refuerzo'!K33<>""," | "&'Aux Refuerzo'!K33,"") & IF('Aux Refuerzo'!L33<>""," | "&'Aux Refuerzo'!L33,"") & IF('Aux Refuerzo'!T33<>""," | "&'Aux Refuerzo'!T33,"") & IF('Aux Refuerzo'!U33<>""," | "&'Aux Refuerzo'!U33,"") & IF('Aux Refuerzo'!V33<>""," | "&'Aux Refuerzo'!V33,"") & IF('Aux Refuerzo'!W33<>""," | "&'Aux Refuerzo'!W33,"") & IF('Aux Refuerzo'!X33<>""," | "&'Aux Refuerzo'!X33,"") & IF('Aux Refuerzo'!Y33<>""," | "&'Aux Refuerzo'!Y33,"") & IF('Aux Refuerzo'!Z33<>""," | "&'Aux Refuerzo'!Z33,"") & IF(C39>12," | (+"&(C39-12)&" más)",""),""))
A41: RESUMEN GENERAL DE REFUERZOS
A42: Total refuerzos de vacante activos: | B42: =COUNTIF(Registro!$O$2:$O$501,"Sí") -> 0
A43: Total refuerzos sin vacante activos: | B43: =COUNTIF('Registro Refuerzo'!$H$2:$H$201,"Activo") -> 0
A44: Total refuerzos activos (ambas fuentes): | B44: =B42+B43 -> 0

Sheet Informe · Bajas
A1: BAJAS DEL CENTRO
A2: ="Centro: "&IF(Portada!$B$4="","(sin indicar)",Portada!$B$4)&" · Código: "&IF(Portada!$B$5="","(sin indicar)",Portada!$B$5)&" · Curso "&Portada!$B$6
A3: Datos personales: | B3: Visibles
A4: =IF($B$3="Anonimizados","··· DATOS ANONIMIZADOS ···","··· CONTIENE DATOS PERSONALES ···")
A6: Total de bajas: | E6: =COUNT(Registro!$AE$2:$AE$501)
A7: Renuncias (hasta el 30 de noviembre): | E7: =COUNTIF(Registro!$I$2:$I$501,"Renuncia (hasta 30 nov)")
A8: Bajas (desde el 1 de diciembre): | E8: =COUNTIF(Registro!$I$2:$I$501,"Baja (desde 1 dic)")
A9: Renuncias excepcionales (art. 25.3): | E9: =COUNTIF(Registro!$I$2:$I$501,"Renuncia excepcional (art. 25.3)")
A10: Traslados de expediente: | E10: =COUNTIF(Registro!$I$2:$I$501,"Traslado de expediente")
A12: Nº | B12: Fecha | C12: Curso | D12: Especialidad | E12: Apellidos | F12: Nombre | G12: NIA | H12: Motivo
A13: =IF($I13="","",1) | B13: =IF($I13="","",INDEX(Registro!$B$2:$B$501,$I13)) | C13: =IF($I13="","",INDEX(Registro!$H$2:$H$501,$I13)) | D13: =IF($I13="","",INDEX(Registro!$D$2:$D$501,$I13)) | E13: =IF($B$3="Anonimizados",IF($J13="","",IF(ISERROR(FIND(" ",$J13)),$J13,LEFT($J13,FIND(" ",$J13)-1)&" "&MID($J13,FIND(" ",$J13)+1,1)&REPT("*",LEN($J13)-FIND(" ",$J13)-1))),$J13) | F13: =IF($B$3="Anonimizados",IF($K13="","",IF(ISERROR(FIND(" ",$K13)),LEFT($K13,1)&REPT("*",LEN($K13)-1),LEFT($K13,1)&REPT("*",FIND(" ",$K13)-2)&" "&MID($K13,FIND(" ",$K13)+1,1)&REPT("*",LEN($K13)-FIND(" ",$K13)-1))),$K13) | G13: =IF($B$3="Anonimizados",IF($L13="","",IF(LEN($L13)<6,LEFT($L13,1)&REPT("*",LEN($L13)-1),LEFT($L13,1)&"****"&MID($L13,6,LEN($L13)-5))),$L13) | H13: =IF($I13="","",INDEX(Registro!$I$2:$I$501,$I13)) | I13: =IFERROR(MATCH(1,Registro!$AE$2:$AE$501,0),"") | J13: =IF($I13="","",INDEX(Registro!$E$2:$E$501,$I13)) | K13: =IF($I13="","",INDEX(Registro!$F$2:$F$501,$I13)) | L13: =IF($I13="","",INDEX(Registro!$G$2:$G$501,$I13))
A14: =IF($I14="","",2) | B14: =IF($I14="","",INDEX(Registro!$B$2:$B$501,$I14)) | C14: =IF($I14="","",INDEX(Registro!$H$2:$H$501,$I14)) | D14: =IF($I14="","",INDEX(Registro!$D$2:$D$501,$I14)) | E14: =IF($B$3="Anonimizados",IF($J14="","",IF(ISERROR(FIND(" ",$J14)),$J14,LEFT($J14,FIND(" ",$J14)-1)&" "&MID($J14,FIND(" ",$J14)+1,1)&REPT("*",LEN($J14)-FIND(" ",$J14)-1))),$J14) | F14: =IF($B$3="Anonimizados",IF($K14="","",IF(ISERROR(FIND(" ",$K14)),LEFT($K14,1)&REPT("*",LEN($K14)-1),LEFT($K14,1)&REPT("*",FIND(" ",$K14)-2)&" "&MID($K14,FIND(" ",$K14)+1,1)&REPT("*",LEN($K14)-FIND(" ",$K14)-1))),$K14) | G14: =IF($B$3="Anonimizados",IF($L14="","",IF(LEN($L14)<6,LEFT($L14,1)&REPT("*",LEN($L14)-1),LEFT($L14,1)&"****"&MID($L14,6,LEN($L14)-5))),$L14) | H14: =IF($I14="","",INDEX(Registro!$I$2:$I$501,$I14)) | I14: =IFERROR(MATCH(2,Registro!$AE$2:$AE$501,0),"") | J14: =IF($I14="","",INDEX(Registro!$E$2:$E$501,$I14)) | K14: =IF($I14="","",INDEX(Registro!$F$2:$F$501,$I14)) | L14: =IF($I14="","",INDEX(Registro!$G$2:$G$501,$I14))
A15: =IF($I15="","",3) | B15: =IF($I15="","",INDEX(Registro!$B$2:$B$501,$I15)) | C15: =IF($I15="","",INDEX(Registro!$H$2:$H$501,$I15)) | D15: =IF($I15="","",INDEX(Registro!$D$2:$D$501,$I15)) | E15: =IF($B$3="Anonimizados",IF($J15="","",IF(ISERROR(FIND(" ",$J15)),$J15,LEFT($J15,FIND(" ",$J15)-1)&" "&MID($J15,FIND(" ",$J15)+1,1)&REPT("*",LEN($J15)-FIND(" ",$J15)-1))),$J15) | F15: =IF($B$3="Anonimizados",IF($K15="","",IF(ISERROR(FIND(" ",$K15)),LEFT($K15,1)&REPT("*",LEN($K15)-1),LEFT($K15,1)&REPT("*",FIND(" ",$K15)-2)&" "&MID($K15,FIND(" ",$K15)+1,1)&REPT("*",LEN($K15)-FIND(" ",$K15)-1))),$K15) | G15: =IF($B$3="Anonimizados",IF($L15="","",IF(LEN($L15)<6,LEFT($L15,1)&REPT("*",LEN($L15)-1),LEFT($L15,1)&"****"&MID($L15,6,LEN($L15)-5))),$L15) | H15: =IF($I15="","",INDEX(Registro!$I$2:$I$501,$I15)) | I15: =IFERROR(MATCH(3,Registro!$AE$2:$AE$501,0),"") | J15: =IF($I15="","",INDEX(Registro!$E$2:$E$501,$I15)) | K15: =IF($I15="","",INDEX(Registro!$F$2:$F$501,$I15)) | L15: =IF($I15="","",INDEX(Registro!$G$2:$G$501,$I15))
A16: =IF($I16="","",4) | B16: =IF($I16="","",INDEX(Registro!$B$2:$B$501,$I16)) | C16: =IF($I16="","",INDEX(Registro!$H$2:$H$501,$I16)) | D16: =IF($I16="","",INDEX(Registro!$D$2:$D$501,$I16)) | E16: =IF($B$3="Anonimizados",IF($J16="","",IF(ISERROR(FIND(" ",$J16)),$J16,LEFT($J16,FIND(" ",$J16)-1)&" "&MID($J16,FIND(" ",$J16)+1,1)&REPT("*",LEN($J16)-FIND(" ",$J16)-1))),$J16) | F16: =IF($B$3="Anonimizados",IF($K16="","",IF(ISERROR(FIND(" ",$K16)),LEFT($K16,1)&REPT("*",LEN($K16)-1),LEFT($K16,1)&REPT("*",FIND(" ",$K16)-2)&" "&MID($K16,FIND(" ",$K16)+1,1)&REPT("*",LEN($K16)-FIND(" ",$K16)-1))),$K16) | G16: =IF($B$3="Anonimizados",IF($L16="","",IF(LEN($L16)<6,LEFT($L16,1)&REPT("*",LEN($L16)-1),LEFT($L16,1)&"****"&MID($L16,6,LEN($L16)-5))),$L16) | H16: =IF($I16="","",INDEX(Registro!$I$2:$I$501,$I16)) | I16: =IFERROR(MATCH(4,Registro!$AE$2:$AE$501,0),"") | J16: =IF($I16="","",INDEX(Registro!$E$2:$E$501,$I16)) | K16: =IF($I16="","",INDEX(Registro!$F$2:$F$501,$I16)) | L16: =IF($I16="","",INDEX(Registro!$G$2:$G$501,$I16))
A17: =IF($I17="","",5) | B17: =IF($I17="","",INDEX(Registro!$B$2:$B$501,$I17)) | C17: =IF($I17="","",INDEX(Registro!$H$2:$H$501,$I17)) | D17: =IF($I17="","",INDEX(Registro!$D$2:$D$501,$I17)) | E17: =IF($B$3="Anonimizados",IF($J17="","",IF(ISERROR(FIND(" ",$J17)),$J17,LEFT($J17,FIND(" ",$J17)-1)&" "&MID($J17,FIND(" ",$J17)+1,1)&REPT("*",LEN($J17)-FIND(" ",$J17)-1))),$J17) | F17: =IF($B$3="Anonimizados",IF($K17="","",IF(ISERROR(FIND(" ",$K17)),LEFT($K17,1)&REPT("*",LEN($K17)-1),LEFT($K17,1)&REPT("*",FIND(" ",$K17)-2)&" "&MID($K17,FIND(" ",$K17)+1,1)&REPT("*",LEN($K17)-FIND(" ",$K17)-1))),$K17) | G17: =IF($B$3="Anonimizados",IF($L17="","",IF(LEN($L17)<6,LEFT($L17,1)&REPT("*",LEN($L17)-1),LEFT($L17,1)&"****"&MID($L17,6,LEN($L17)-5))),$L17) | H17: =IF($I17="","",INDEX(Registro!$I$2:$I$501,$I17)) | I17: =IFERROR(MATCH(5,Registro!$AE$2:$AE$501,0),"") | J17: =IF($I17="","",INDEX(Registro!$E$2:$E$501,$I17)) | K17: =IF($I17="","",INDEX(Registro!$F$2:$F$501,$I17)) | L17: =IF($I17="","",INDEX(Registro!$G$2:$G$501,$I17))
A18: =IF($I18="","",6) | B18: =IF($I18="","",INDEX(Registro!$B$2:$B$501,$I18)) | C18: =IF($I18="","",INDEX(Registro!$H$2:$H$501,$I18)) | D18: =IF($I18="","",INDEX(Registro!$D$2:$D$501,$I18)) | E18: =IF($B$3="Anonimizados",IF($J18="","",IF(ISERROR(FIND(" ",$J18)),$J18,LEFT($J18,FIND(" ",$J18)-1)&" "&MID($J18,FIND(" ",$J18)+1,1)&REPT("*",LEN($J18)-FIND(" ",$J18)-1))),$J18) | F18: =IF($B$3="Anonimizados",IF($K18="","",IF(ISERROR(FIND(" ",$K18)),LEFT($K18,1)&REPT("*",LEN($K18)-1),LEFT($K18,1)&REPT("*",FIND(" ",$K18)-2)&" "&MID($K18,FIND(" ",$K18)+1,1)&REPT("*",LEN($K18)-FIND(" ",$K18)-1))),$K18) | G18: =IF($B$3="Anonimizados",IF($L18="","",IF(LEN($L18)<6,LEFT($L18,1)&REPT("*",LEN($L18)-1),LEFT($L18,1)&"****"&MID($L18,6,LEN($L18)-5))),$L18) | H18: =IF($I18="","",INDEX(Registro!$I$2:$I$501,$I18)) | I18: =IFERROR(MATCH(6,Registro!$AE$2:$AE$501,0),"") | J18: =IF($I18="","",INDEX(Registro!$E$2:$E$501,$I18)) | K18: =IF($I18="","",INDEX(Registro!$F$2:$F$501,$I18)) | L18: =IF($I18="","",INDEX(Registro!$G$2:$G$501,$I18))
A19: =IF($I19="","",7) | B19: =IF($I19="","",INDEX(Registro!$B$2:$B$501,$I19)) | C19: =IF($I19="","",INDEX(Registro!$H$2:$H$501,$I19)) | D19: =IF($I19="","",INDEX(Registro!$D$2:$D$501,$I19)) | E19: =IF($B$3="Anonimizados",IF($J19="","",IF(ISERROR(FIND(" ",$J19)),$J19,LEFT($J19,FIND(" ",$J19)-1)&" "&MID($J19,FIND(" ",$J19)+1,1)&REPT("*",LEN($J19)-FIND(" ",$J19)-1))),$J19) | F19: =IF($B$3="Anonimizados",IF($K19="","",IF(ISERROR(FIND(" ",$K19)),LEFT($K19,1)&REPT("*",LEN($K19)-1),LEFT($K19,1)&REPT("*",FIND(" ",$K19)-2)&" "&MID($K19,FIND(" ",$K19)+1,1)&REPT("*",LEN($K19)-FIND(" ",$K19)-1))),$K19) | G19: =IF($B$3="Anonimizados",IF($L19="","",IF(LEN($L19)<6,LEFT($L19,1)&REPT("*",LEN($L19)-1),LEFT($L19,1)&"****"&MID($L19,6,LEN($L19)-5))),$L19) | H19: =IF($I19="","",INDEX(Registro!$I$2:$I$501,$I19)) | I19: =IFERROR(MATCH(7,Registro!$AE$2:$AE$501,0),"") | J19: =IF($I19="","",INDEX(Registro!$E$2:$E$501,$I19)) | K19: =IF($I19="","",INDEX(Registro!$F$2:$F$501,$I19)) | L19: =IF($I19="","",INDEX(Registro!$G$2:$G$501,$I19))
A20: =IF($I20="","",8) | B20: =IF($I20="","",INDEX(Registro!$B$2:$B$501,$I20)) | C20: =IF($I20="","",INDEX(Registro!$H$2:$H$501,$I20)) | D20: =IF($I20="","",INDEX(Registro!$D$2:$D$501,$I20)) | E20: =IF($B$3="Anonimizados",IF($J20="","",IF(ISERROR(FIND(" ",$J20)),$J20,LEFT($J20,FIND(" ",$J20)-1)&" "&MID($J20,FIND(" ",$J20)+1,1)&REPT("*",LEN($J20)-FIND(" ",$J20)-1))),$J20) | F20: =IF($B$3="Anonimizados",IF($K20="","",IF(ISERROR(FIND(" ",$K20)),LEFT($K20,1)&REPT("*",LEN($K20)-1),LEFT($K20,1)&REPT("*",FIND(" ",$K20)-2)&" "&MID($K20,FIND(" ",$K20)+1,1)&REPT("*",LEN($K20)-FIND(" ",$K20)-1))),$K20) | G20: =IF($B$3="Anonimizados",IF($L20="","",IF(LEN($L20)<6,LEFT($L20,1)&REPT("*",LEN($L20)-1),LEFT($L20,1)&"****"&MID($L20,6,LEN($L20)-5))),$L20) | H20: =IF($I20="","",INDEX(Registro!$I$2:$I$501,$I20)) | I20: =IFERROR(MATCH(8,Registro!$AE$2:$AE$501,0),"") | J20: =IF($I20="","",INDEX(Registro!$E$2:$E$501,$I20)) | K20: =IF($I20="","",INDEX(Registro!$F$2:$F$501,$I20)) | L20: =IF($I20="","",INDEX(Registro!$G$2:$G$501,$I20))
A21: =IF($I21="","",9) | B21: =IF($I21="","",INDEX(Registro!$B$2:$B$501,$I21)) | C21: =IF($I21="","",INDEX(Registro!$H$2:$H$501,$I21)) | D21: =IF($I21="","",INDEX(Registro!$D$2:$D$501,$I21)) | E21: =IF($B$3="Anonimizados",IF($J21="","",IF(ISERROR(FIND(" ",$J21)),$J21,LEFT($J21,FIND(" ",$J21)-1)&" "&MID($J21,FIND(" ",$J21)+1,1)&REPT("*",LEN($J21)-FIND(" ",$J21)-1))),$J21) | F21: =IF($B$3="Anonimizados",IF($K21="","",IF(ISERROR(FIND(" ",$K21)),LEFT($K21,1)&REPT("*",LEN($K21)-1),LEFT($K21,1)&REPT("*",FIND(" ",$K21)-2)&" "&MID($K21,FIND(" ",$K21)+1,1)&REPT("*",LEN($K21)-FIND(" ",$K21)-1))),$K21) | G21: =IF($B$3="Anonimizados",IF($L21="","",IF(LEN($L21)<6,LEFT($L21,1)&REPT("*",LEN($L21)-1),LEFT($L21,1)&"****"&MID($L21,6,LEN($L21)-5))),$L21) | H21: =IF($I21="","",INDEX(Registro!$I$2:$I$501,$I21)) | I21: =IFERROR(MATCH(9,Registro!$AE$2:$AE$501,0),"") | J21: =IF($I21="","",INDEX(Registro!$E$2:$E$501,$I21)) | K21: =IF($I21="","",INDEX(Registro!$F$2:$F$501,$I21)) | L21: =IF($I21="","",INDEX(Registro!$G$2:$G$501,$I21))
A22: =IF($I22="","",10) | B22: =IF($I22="","",INDEX(Registro!$B$2:$B$501,$I22)) | C22: =IF($I22="","",INDEX(Registro!$H$2:$H$501,$I22)) | D22: =IF($I22="","",INDEX(Registro!$D$2:$D$501,$I22)) | E22: =IF($B$3="Anonimizados",IF($J22="","",IF(ISERROR(FIND(" ",$J22)),$J22,LEFT($J22,FIND(" ",$J22)-1)&" "&MID($J22,FIND(" ",$J22)+1,1)&REPT("*",LEN($J22)-FIND(" ",$J22)-1))),$J22) | F22: =IF($B$3="Anonimizados",IF($K22="","",IF(ISERROR(FIND(" ",$K22)),LEFT($K22,1)&REPT("*",LEN($K22)-1),LEFT($K22,1)&REPT("*",FIND(" ",$K22)-2)&" "&MID($K22,FIND(" ",$K22)+1,1)&REPT("*",LEN($K22)-FIND(" ",$K22)-1))),$K22) | G22: =IF($B$3="Anonimizados",IF($L22="","",IF(LEN($L22)<6,LEFT($L22,1)&REPT("*",LEN($L22)-1),LEFT($L22,1)&"****"&MID($L22,6,LEN($L22)-5))),$L22) | H22: =IF($I22="","",INDEX(Registro!$I$2:$I$501,$I22)) | I22: =IFERROR(MATCH(10,Registro!$AE$2:$AE$501,0),"") | J22: =IF($I22="","",INDEX(Registro!$E$2:$E$501,$I22)) | K22: =IF($I22="","",INDEX(Registro!$F$2:$F$501,$I22)) | L22: =IF($I22="","",INDEX(Registro!$G$2:$G$501,$I22))
A23: =IF($I23="","",11) | B23: =IF($I23="","",INDEX(Registro!$B$2:$B$501,$I23)) | C23: =IF($I23="","",INDEX(Registro!$H$2:$H$501,$I23)) | D23: =IF($I23="","",INDEX(Registro!$D$2:$D$501,$I23)) | E23: =IF($B$3="Anonimizados",IF($J23="","",IF(ISERROR(FIND(" ",$J23)),$J23,LEFT($J23,FIND(" ",$J23)-1)&" "&MID($J23,FIND(" ",$J23)+1,1)&REPT("*",LEN($J23)-FIND(" ",$J23)-1))),$J23) | F23: =IF($B$3="Anonimizados",IF($K23="","",IF(ISERROR(FIND(" ",$K23)),LEFT($K23,1)&REPT("*",LEN($K23)-1),LEFT($K23,1)&REPT("*",FIND(" ",$K23)-2)&" "&MID($K23,FIND(" ",$K23)+1,1)&REPT("*",LEN($K23)-FIND(" ",$K23)-1))),$K23) | G23: =IF($B$3="Anonimizados",IF($L23="","",IF(LEN($L23)<6,LEFT($L23,1)&REPT("*",LEN($L23)-1),LEFT($L23,1)&"****"&MID($L23,6,LEN($L23)-5))),$L23) | H23: =IF($I23="","",INDEX(Registro!$I$2:$I$501,$I23)) | I23: =IFERROR(MATCH(11,Registro!$AE$2:$AE$501,0),"") | J23: =IF($I23="","",INDEX(Registro!$E$2:$E$501,$I23)) | K23: =IF($I23="","",INDEX(Registro!$F$2:$F$501,$I23)) | L23: =IF($I23="","",INDEX(Registro!$G$2:$G$501,$I23))
A24: =IF($I24="","",12) | B24: =IF($I24="","",INDEX(Registro!$B$2:$B$501,$I24)) | C24: =IF($I24="","",INDEX(Registro!$H$2:$H$501,$I24)) | D24: =IF($I24="","",INDEX(Registro!$D$2:$D$501,$I24)) | E24: =IF($B$3="Anonimizados",IF($J24="","",IF(ISERROR(FIND(" ",$J24)),$J24,LEFT($J24,FIND(" ",$J24)-1)&" "&MID($J24,FIND(" ",$J24)+1,1)&REPT("*",LEN($J24)-FIND(" ",$J24)-1))),$J24) | F24: =IF($B$3="Anonimizados",IF($K24="","",IF(ISERROR(FIND(" ",$K24)),LEFT($K24,1)&REPT("*",LEN($K24)-1),LEFT($K24,1)&REPT("*",FIND(" ",$K24)-2)&" "&MID($K24,FIND(" ",$K24)+1,1)&REPT("*",LEN($K24)-FIND(" ",$K24)-1))),$K24) | G24: =IF($B$3="Anonimizados",IF($L24="","",IF(LEN($L24)<6,LEFT($L24,1)&REPT("*",LEN($L24)-1),LEFT($L24,1)&"****"&MID($L24,6,LEN($L24)-5))),$L24) | H24: =IF($I24="","",INDEX(Registro!$I$2:$I$501,$I24)) | I24: =IFERROR(MATCH(12,Registro!$AE$2:$AE$501,0),"") | J24: =IF($I24="","",INDEX(Registro!$E$2:$E$501,$I24)) | K24: =IF($I24="","",INDEX(Registro!$F$2:$F$501,$I24)) | L24: =IF($I24="","",INDEX(Registro!$G$2:$G$501,$I24))
A25: =IF($I25="","",13) | B25: =IF($I25="","",INDEX(Registro!$B$2:$B$501,$I25)) | C25: =IF($I25="","",INDEX(Registro!$H$2:$H$501,$I25)) | D25: =IF($I25="","",INDEX(Registro!$D$2:$D$501,$I25)) | E25: =IF($B$3="Anonimizados",IF($J25="","",IF(ISERROR(FIND(" ",$J25)),$J25,LEFT($J25,FIND(" ",$J25)-1)&" "&MID($J25,FIND(" ",$J25)+1,1)&REPT("*",LEN($J25)-FIND(" ",$J25)-1))),$J25) | F25: =IF($B$3="Anonimizados",IF($K25="","",IF(ISERROR(FIND(" ",$K25)),LEFT($K25,1)&REPT("*",LEN($K25)-1),LEFT($K25,1)&REPT("*",FIND(" ",$K25)-2)&" "&MID($K25,FIND(" ",$K25)+1,1)&REPT("*",LEN($K25)-FIND(" ",$K25)-1))),$K25) | G25: =IF($B$3="Anonimizados",IF($L25="","",IF(LEN($L25)<6,LEFT($L25,1)&REPT("*",LEN($L25)-1),LEFT($L25,1)&"****"&MID($L25,6,LEN($L25)-5))),$L25) | H25: =IF($I25="","",INDEX(Registro!$I$2:$I$501,$I25)) | I25: =IFERROR(MATCH(13,Registro!$AE$2:$AE$501,0),"") | J25: =IF($I25="","",INDEX(Registro!$E$2:$E$501,$I25)) | K25: =IF($I25="","",INDEX(Registro!$F$2:$F$501,$I25)) | L25: =IF($I25="","",INDEX(Registro!$G$2:$G$501,$I25))
A26: =IF($I26="","",14) | B26: =IF($I26="","",INDEX(Registro!$B$2:$B$501,$I26)) | C26: =IF($I26="","",INDEX(Registro!$H$2:$H$501,$I26)) | D26: =IF($I26="","",INDEX(Registro!$D$2:$D$501,$I26)) | E26: =IF($B$3="Anonimizados",IF($J26="","",IF(ISERROR(FIND(" ",$J26)),$J26,LEFT($J26,FIND(" ",$J26)-1)&" "&MID($J26,FIND(" ",$J26)+1,1)&REPT("*",LEN($J26)-FIND(" ",$J26)-1))),$J26) | F26: =IF($B$3="Anonimizados",IF($K26="","",IF(ISERROR(FIND(" ",$K26)),LEFT($K26,1)&REPT("*",LEN($K26)-1),LEFT($K26,1)&REPT("*",FIND(" ",$K26)-2)&" "&MID($K26,FIND(" ",$K26)+1,1)&REPT("*",LEN($K26)-FIND(" ",$K26)-1))),$K26) | G26: =IF($B$3="Anonimizados",IF($L26="","",IF(LEN($L26)<6,LEFT($L26,1)&REPT("*",LEN($L26)-1),LEFT($L26,1)&"****"&MID($L26,6,LEN($L26)-5))),$L26) | H26: =IF($I26="","",INDEX(Registro!$I$2:$I$501,$I26)) | I26: =IFERROR(MATCH(14,Registro!$AE$2:$AE$501,0),"") | J26: =IF($I26="","",INDEX(Registro!$E$2:$E$501,$I26)) | K26: =IF($I26="","",INDEX(Registro!$F$2:$F$501,$I26)) | L26: =IF($I26="","",INDEX(Registro!$G$2:$G$501,$I26))
A27: =IF($I27="","",15) | B27: =IF($I27="","",INDEX(Registro!$B$2:$B$501,$I27)) | C27: =IF($I27="","",INDEX(Registro!$H$2:$H$501,$I27)) | D27: =IF($I27="","",INDEX(Registro!$D$2:$D$501,$I27)) | E27: =IF($B$3="Anonimizados",IF($J27="","",IF(ISERROR(FIND(" ",$J27)),$J27,LEFT($J27,FIND(" ",$J27)-1)&" "&MID($J27,FIND(" ",$J27)+1,1)&REPT("*",LEN($J27)-FIND(" ",$J27)-1))),$J27) | F27: =IF($B$3="Anonimizados",IF($K27="","",IF(ISERROR(FIND(" ",$K27)),LEFT($K27,1)&REPT("*",LEN($K27)-1),LEFT($K27,1)&REPT("*",FIND(" ",$K27)-2)&" "&MID($K27,FIND(" ",$K27)+1,1)&REPT("*",LEN($K27)-FIND(" ",$K27)-1))),$K27) | G27: =IF($B$3="Anonimizados",IF($L27="","",IF(LEN($L27)<6,LEFT($L27,1)&REPT("*",LEN($L27)-1),LEFT($L27,1)&"****"&MID($L27,6,LEN($L27)-5))),$L27) | H27: =IF($I27="","",INDEX(Registro!$I$2:$I$501,$I27)) | I27: =IFERROR(MATCH(15,Registro!$AE$2:$AE$501,0),"") | J27: =IF($I27="","",INDEX(Registro!$E$2:$E$501,$I27)) | K27: =IF($I27="","",INDEX(Registro!$F$2:$F$501,$I27)) | L27: =IF($I27="","",INDEX(Registro!$G$2:$G$501,$I27))
A28: =IF($I28="","",16) | B28: =IF($I28="","",INDEX(Registro!$B$2:$B$501,$I28)) | C28: =IF($I28="","",INDEX(Registro!$H$2:$H$501,$I28)) | D28: =IF($I28="","",INDEX(Registro!$D$2:$D$501,$I28)) | E28: =IF($B$3="Anonimizados",IF($J28="","",IF(ISERROR(FIND(" ",$J28)),$J28,LEFT($J28,FIND(" ",$J28)-1)&" "&MID($J28,FIND(" ",$J28)+1,1)&REPT("*",LEN($J28)-FIND(" ",$J28)-1))),$J28) | F28: =IF($B$3="Anonimizados",IF($K28="","",IF(ISERROR(FIND(" ",$K28)),LEFT($K28,1)&REPT("*",LEN($K28)-1),LEFT($K28,1)&REPT("*",FIND(" ",$K28)-2)&" "&MID($K28,FIND(" ",$K28)+1,1)&REPT("*",LEN($K28)-FIND(" ",$K28)-1))),$K28) | G28: =IF($B$3="Anonimizados",IF($L28="","",IF(LEN($L28)<6,LEFT($L28,1)&REPT("*",LEN($L28)-1),LEFT($L28,1)&"****"&MID($L28,6,LEN($L28)-5))),$L28) | H28: =IF($I28="","",INDEX(Registro!$I$2:$I$501,$I28)) | I28: =IFERROR(MATCH(16,Registro!$AE$2:$AE$501,0),"") | J28: =IF($I28="","",INDEX(Registro!$E$2:$E$501,$I28)) | K28: =IF($I28="","",INDEX(Registro!$F$2:$F$501,$I28)) | L28: =IF($I28="","",INDEX(Registro!$G$2:$G$501,$I28))
A29: =IF($I29="","",17) | B29: =IF($I29="","",INDEX(Registro!$B$2:$B$501,$I29)) | C29: =IF($I29="","",INDEX(Registro!$H$2:$H$501,$I29)) | D29: =IF($I29="","",INDEX(Registro!$D$2:$D$501,$I29)) | E29: =IF($B$3="Anonimizados",IF($J29="","",IF(ISERROR(FIND(" ",$J29)),$J29,LEFT($J29,FIND(" ",$J29)-1)&" "&MID($J29,FIND(" ",$J29)+1,1)&REPT("*",LEN($J29)-FIND(" ",$J29)-1))),$J29) | F29: =IF($B$3="Anonimizados",IF($K29="","",IF(ISERROR(FIND(" ",$K29)),LEFT($K29,1)&REPT("*",LEN($K29)-1),LEFT($K29,1)&REPT("*",FIND(" ",$K29)-2)&" "&MID($K29,FIND(" ",$K29)+1,1)&REPT("*",LEN($K29)-FIND(" ",$K29)-1))),$K29) | G29: =IF($B$3="Anonimizados",IF($L29="","",IF(LEN($L29)<6,LEFT($L29,1)&REPT("*",LEN($L29)-1),LEFT($L29,1)&"****"&MID($L29,6,LEN($L29)-5))),$L29) | H29: =IF($I29="","",INDEX(Registro!$I$2:$I$501,$I29)) | I29: =IFERROR(MATCH(17,Registro!$AE$2:$AE$501,0),"") | J29: =IF($I29="","",INDEX(Registro!$E$2:$E$501,$I29)) | K29: =IF($I29="","",INDEX(Registro!$F$2:$F$501,$I29)) | L29: =IF($I29="","",INDEX(Registro!$G$2:$G$501,$I29))
A30: =IF($I30="","",18) | B30: =IF($I30="","",INDEX(Registro!$B$2:$B$501,$I30)) | C30: =IF($I30="","",INDEX(Registro!$H$2:$H$501,$I30)) | D30: =IF($I30="","",INDEX(Registro!$D$2:$D$501,$I30)) | E30: =IF($B$3="Anonimizados",IF($J30="","",IF(ISERROR(FIND(" ",$J30)),$J30,LEFT($J30,FIND(" ",$J30)-1)&" "&MID($J30,FIND(" ",$J30)+1,1)&REPT("*",LEN($J30)-FIND(" ",$J30)-1))),$J30) | F30: =IF($B$3="Anonimizados",IF($K30="","",IF(ISERROR(FIND(" ",$K30)),LEFT($K30,1)&REPT("*",LEN($K30)-1),LEFT($K30,1)&REPT("*",FIND(" ",$K30)-2)&" "&MID($K30,FIND(" ",$K30)+1,1)&REPT("*",LEN($K30)-FIND(" ",$K30)-1))),$K30) | G30: =IF($B$3="Anonimizados",IF($L30="","",IF(LEN($L30)<6,LEFT($L30,1)&REPT("*",LEN($L30)-1),LEFT($L30,1)&"****"&MID($L30,6,LEN($L30)-5))),$L30) | H30: =IF($I30="","",INDEX(Registro!$I$2:$I$501,$I30)) | I30: =IFERROR(MATCH(18,Registro!$AE$2:$AE$501,0),"") | J30: =IF($I30="","",INDEX(Registro!$E$2:$E$501,$I30)) | K30: =IF($I30="","",INDEX(Registro!$F$2:$F$501,$I30)) | L30: =IF($I30="","",INDEX(Registro!$G$2:$G$501,$I30))
A31: =IF($I31="","",19) | B31: =IF($I31="","",INDEX(Registro!$B$2:$B$501,$I31)) | C31: =IF($I31="","",INDEX(Registro!$H$2:$H$501,$I31)) | D31: =IF($I31="","",INDEX(Registro!$D$2:$D$501,$I31)) | E31: =IF($B$3="Anonimizados",IF($J31="","",IF(ISERROR(FIND(" ",$J31)),$J31,LEFT($J31,FIND(" ",$J31)-1)&" "&MID($J31,FIND(" ",$J31)+1,1)&REPT("*",LEN($J31)-FIND(" ",$J31)-1))),$J31) | F31: =IF($B$3="Anonimizados",IF($K31="","",IF(ISERROR(FIND(" ",$K31)),LEFT($K31,1)&REPT("*",LEN($K31)-1),LEFT($K31,1)&REPT("*",FIND(" ",$K31)-2)&" "&MID($K31,FIND(" ",$K31)+1,1)&REPT("*",LEN($K31)-FIND(" ",$K31)-1))),$K31) | G31: =IF($B$3="Anonimizados",IF($L31="","",IF(LEN($L31)<6,LEFT($L31,1)&REPT("*",LEN($L31)-1),LEFT($L31,1)&"****"&MID($L31,6,LEN($L31)-5))),$L31) | H31: =IF($I31="","",INDEX(Registro!$I$2:$I$501,$I31)) | I31: =IFERROR(MATCH(19,Registro!$AE$2:$AE$501,0),"") | J31: =IF($I31="","",INDEX(Registro!$E$2:$E$501,$I31)) | K31: =IF($I31="","",INDEX(Registro!$F$2:$F$501,$I31)) | L31: =IF($I31="","",INDEX(Registro!$G$2:$G$501,$I31))
A32: =IF($I32="","",20) | B32: =IF($I32="","",INDEX(Registro!$B$2:$B$501,$I32)) | C32: =IF($I32="","",INDEX(Registro!$H$2:$H$501,$I32)) | D32: =IF($I32="","",INDEX(Registro!$D$2:$D$501,$I32)) | E32: =IF($B$3="Anonimizados",IF($J32="","",IF(ISERROR(FIND(" ",$J32)),$J32,LEFT($J32,FIND(" ",$J32)-1)&" "&MID($J32,FIND(" ",$J32)+1,1)&REPT("*",LEN($J32)-FIND(" ",$J32)-1))),$J32) | F32: =IF($B$3="Anonimizados",IF($K32="","",IF(ISERROR(FIND(" ",$K32)),LEFT($K32,1)&REPT("*",LEN($K32)-1),LEFT($K32,1)&REPT("*",FIND(" ",$K32)-2)&" "&MID($K32,FIND(" ",$K32)+1,1)&REPT("*",LEN($K32)-FIND(" ",$K32)-1))),$K32) | G32: =IF($B$3="Anonimizados",IF($L32="","",IF(LEN($L32)<6,LEFT($L32,1)&REPT("*",LEN($L32)-1),LEFT($L32,1)&"****"&MID($L32,6,LEN($L32)-5))),$L32) | H32: =IF($I32="","",INDEX(Registro!$I$2:$I$501,$I32)) | I32: =IFERROR(MATCH(20,Registro!$AE$2:$AE$501,0),"") | J32: =IF($I32="","",INDEX(Registro!$E$2:$E$501,$I32)) | K32: =IF($I32="","",INDEX(Registro!$F$2:$F$501,$I32)) | L32: =IF($I32="","",INDEX(Registro!$G$2:$G$501,$I32))
A33: =IF($I33="","",21) | B33: =IF($I33="","",INDEX(Registro!$B$2:$B$501,$I33)) | C33: =IF($I33="","",INDEX(Registro!$H$2:$H$501,$I33)) | D33: =IF($I33="","",INDEX(Registro!$D$2:$D$501,$I33)) | E33: =IF($B$3="Anonimizados",IF($J33="","",IF(ISERROR(FIND(" ",$J33)),$J33,LEFT($J33,FIND(" ",$J33)-1)&" "&MID($J33,FIND(" ",$J33)+1,1)&REPT("*",LEN($J33)-FIND(" ",$J33)-1))),$J33) | F33: =IF($B$3="Anonimizados",IF($K33="","",IF(ISERROR(FIND(" ",$K33)),LEFT($K33,1)&REPT("*",LEN($K33)-1),LEFT($K33,1)&REPT("*",FIND(" ",$K33)-2)&" "&MID($K33,FIND(" ",$K33)+1,1)&REPT("*",LEN($K33)-FIND(" ",$K33)-1))),$K33) | G33: =IF($B$3="Anonimizados",IF($L33="","",IF(LEN($L33)<6,LEFT($L33,1)&REPT("*",LEN($L33)-1),LEFT($L33,1)&"****"&MID($L33,6,LEN($L33)-5))),$L33) | H33: =IF($I33="","",INDEX(Registro!$I$2:$I$501,$I33)) | I33: =IFERROR(MATCH(21,Registro!$AE$2:$AE$501,0),"") | J33: =IF($I33="","",INDEX(Registro!$E$2:$E$501,$I33)) | K33: =IF($I33="","",INDEX(Registro!$F$2:$F$501,$I33)) | L33: =IF($I33="","",INDEX(Registro!$G$2:$G$501,$I33))
A34: =IF($I34="","",22) | B34: =IF($I34="","",INDEX(Registro!$B$2:$B$501,$I34)) | C34: =IF($I34="","",INDEX(Registro!$H$2:$H$501,$I34)) | D34: =IF($I34="","",INDEX(Registro!$D$2:$D$501,$I34)) | E34: =IF($B$3="Anonimizados",IF($J34="","",IF(ISERROR(FIND(" ",$J34)),$J34,LEFT($J34,FIND(" ",$J34)-1)&" "&MID($J34,FIND(" ",$J34)+1,1)&REPT("*",LEN($J34)-FIND(" ",$J34)-1))),$J34) | F34: =IF($B$3="Anonimizados",IF($K34="","",IF(ISERROR(FIND(" ",$K34)),LEFT($K34,1)&REPT("*",LEN($K34)-1),LEFT($K34,1)&REPT("*",FIND(" ",$K34)-2)&" "&MID($K34,FIND(" ",$K34)+1,1)&REPT("*",LEN($K34)-FIND(" ",$K34)-1))),$K34) | G34: =IF($B$3="Anonimizados",IF($L34="","",IF(LEN($L34)<6,LEFT($L34,1)&REPT("*",LEN($L34)-1),LEFT($L34,1)&"****"&MID($L34,6,LEN($L34)-5))),$L34) | H34: =IF($I34="","",INDEX(Registro!$I$2:$I$501,$I34)) | I34: =IFERROR(MATCH(22,Registro!$AE$2:$AE$501,0),"") | J34: =IF($I34="","",INDEX(Registro!$E$2:$E$501,$I34)) | K34: =IF($I34="","",INDEX(Registro!$F$2:$F$501,$I34)) | L34: =IF($I34="","",INDEX(Registro!$G$2:$G$501,$I34))
A35: =IF($I35="","",23) | B35: =IF($I35="","",INDEX(Registro!$B$2:$B$501,$I35)) | C35: =IF($I35="","",INDEX(Registro!$H$2:$H$501,$I35)) | D35: =IF($I35="","",INDEX(Registro!$D$2:$D$501,$I35)) | E35: =IF($B$3="Anonimizados",IF($J35="","",IF(ISERROR(FIND(" ",$J35)),$J35,LEFT($J35,FIND(" ",$J35)-1)&" "&MID($J35,FIND(" ",$J35)+1,1)&REPT("*",LEN($J35)-FIND(" ",$J35)-1))),$J35) | F35: =IF($B$3="Anonimizados",IF($K35="","",IF(ISERROR(FIND(" ",$K35)),LEFT($K35,1)&REPT("*",LEN($K35)-1),LEFT($K35,1)&REPT("*",FIND(" ",$K35)-2)&" "&MID($K35,FIND(" ",$K35)+1,1)&REPT("*",LEN($K35)-FIND(" ",$K35)-1))),$K35) | G35: =IF($B$3="Anonimizados",IF($L35="","",IF(LEN($L35)<6,LEFT($L35,1)&REPT("*",LEN($L35)-1),LEFT($L35,1)&"****"&MID($L35,6,LEN($L35)-5))),$L35) | H35: =IF($I35="","",INDEX(Registro!$I$2:$I$501,$I35)) | I35: =IFERROR(MATCH(23,Registro!$AE$2:$AE$501,0),"") | J35: =IF($I35="","",INDEX(Registro!$E$2:$E$501,$I35)) | K35: =IF($I35="","",INDEX(Registro!$F$2:$F$501,$I35)) | L35: =IF($I35="","",INDEX(Registro!$G$2:$G$501,$I35))
A36: =IF($I36="","",24) | B36: =IF($I36="","",INDEX(Registro!$B$2:$B$501,$I36)) | C36: =IF($I36="","",INDEX(Registro!$H$2:$H$501,$I36)) | D36: =IF($I36="","",INDEX(Registro!$D$2:$D$501,$I36)) | E36: =IF($B$3="Anonimizados",IF($J36="","",IF(ISERROR(FIND(" ",$J36)),$J36,LEFT($J36,FIND(" ",$J36)-1)&" "&MID($J36,FIND(" ",$J36)+1,1)&REPT("*",LEN($J36)-FIND(" ",$J36)-1))),$J36) | F36: =IF($B$3="Anonimizados",IF($K36="","",IF(ISERROR(FIND(" ",$K36)),LEFT($K36,1)&REPT("*",LEN($K36)-1),LEFT($K36,1)&REPT("*",FIND(" ",$K36)-2)&" "&MID($K36,FIND(" ",$K36)+1,1)&REPT("*",LEN($K36)-FIND(" ",$K36)-1))),$K36) | G36: =IF($B$3="Anonimizados",IF($L36="","",IF(LEN($L36)<6,LEFT($L36,1)&REPT("*",LEN($L36)-1),LEFT($L36,1)&"****"&MID($L36,6,LEN($L36)-5))),$L36) | H36: =IF($I36="","",INDEX(Registro!$I$2:$I$501,$I36)) | I36: =IFERROR(MATCH(24,Registro!$AE$2:$AE$501,0),"") | J36: =IF($I36="","",INDEX(Registro!$E$2:$E$501,$I36)) | K36: =IF($I36="","",INDEX(Registro!$F$2:$F$501,$I36)) | L36: =IF($I36="","",INDEX(Registro!$G$2:$G$501,$I36))
A37: =IF($I37="","",25) | B37: =IF($I37="","",INDEX(Registro!$B$2:$B$501,$I37)) | C37: =IF($I37="","",INDEX(Registro!$H$2:$H$501,$I37)) | D37: =IF($I37="","",INDEX(Registro!$D$2:$D$501,$I37)) | E37: =IF($B$3="Anonimizados",IF($J37="","",IF(ISERROR(FIND(" ",$J37)),$J37,LEFT($J37,FIND(" ",$J37)-1)&" "&MID($J37,FIND(" ",$J37)+1,1)&REPT("*",LEN($J37)-FIND(" ",$J37)-1))),$J37) | F37: =IF($B$3="Anonimizados",IF($K37="","",IF(ISERROR(FIND(" ",$K37)),LEFT($K37,1)&REPT("*",LEN($K37)-1),LEFT($K37,1)&REPT("*",FIND(" ",$K37)-2)&" "&MID($K37,FIND(" ",$K37)+1,1)&REPT("*",LEN($K37)-FIND(" ",$K37)-1))),$K37) | G37: =IF($B$3="Anonimizados",IF($L37="","",IF(LEN($L37)<6,LEFT($L37,1)&REPT("*",LEN($L37)-1),LEFT($L37,1)&"****"&MID($L37,6,LEN($L37)-5))),$L37) | H37: =IF($I37="","",INDEX(Registro!$I$2:$I$501,$I37)) | I37: =IFERROR(MATCH(25,Registro!$AE$2:$AE$501,0),"") | J37: =IF($I37="","",INDEX(Registro!$E$2:$E$501,$I37)) | K37: =IF($I37="","",INDEX(Registro!$F$2:$F$501,$I37)) | L37: =IF($I37="","",INDEX(Registro!$G$2:$G$501,$I37))
A38: =IF($I38="","",26) | B38: =IF($I38="","",INDEX(Registro!$B$2:$B$501,$I38)) | C38: =IF($I38="","",INDEX(Registro!$H$2:$H$501,$I38)) | D38: =IF($I38="","",INDEX(Registro!$D$2:$D$501,$I38)) | E38: =IF($B$3="Anonimizados",IF($J38="","",IF(ISERROR(FIND(" ",$J38)),$J38,LEFT($J38,FIND(" ",$J38)-1)&" "&MID($J38,FIND(" ",$J38)+1,1)&REPT("*",LEN($J38)-FIND(" ",$J38)-1))),$J38) | F38: =IF($B$3="Anonimizados",IF($K38="","",IF(ISERROR(FIND(" ",$K38)),LEFT($K38,1)&REPT("*",LEN($K38)-1),LEFT($K38,1)&REPT("*",FIND(" ",$K38)-2)&" "&MID($K38,FIND(" ",$K38)+1,1)&REPT("*",LEN($K38)-FIND(" ",$K38)-1))),$K38) | G38: =IF($B$3="Anonimizados",IF($L38="","",IF(LEN($L38)<6,LEFT($L38,1)&REPT("*",LEN($L38)-1),LEFT($L38,1)&"****"&MID($L38,6,LEN($L38)-5))),$L38) | H38: =IF($I38="","",INDEX(Registro!$I$2:$I$501,$I38)) | I38: =IFERROR(MATCH(26,Registro!$AE$2:$AE$501,0),"") | J38: =IF($I38="","",INDEX(Registro!$E$2:$E$501,$I38)) | K38: =IF($I38="","",INDEX(Registro!$F$2:$F$501,$I38)) | L38: =IF($I38="","",INDEX(Registro!$G$2:$G$501,$I38))
A39: =IF($I39="","",27) | B39: =IF($I39="","",INDEX(Registro!$B$2:$B$501,$I39)) | C39: =IF($I39="","",INDEX(Registro!$H$2:$H$501,$I39)) | D39: =IF($I39="","",INDEX(Registro!$D$2:$D$501,$I39)) | E39: =IF($B$3="Anonimizados",IF($J39="","",IF(ISERROR(FIND(" ",$J39)),$J39,LEFT($J39,FIND(" ",$J39)-1)&" "&MID($J39,FIND(" ",$J39)+1,1)&REPT("*",LEN($J39)-FIND(" ",$J39)-1))),$J39) | F39: =IF($B$3="Anonimizados",IF($K39="","",IF(ISERROR(FIND(" ",$K39)),LEFT($K39,1)&REPT("*",LEN($K39)-1),LEFT($K39,1)&REPT("*",FIND(" ",$K39)-2)&" "&MID($K39,FIND(" ",$K39)+1,1)&REPT("*",LEN($K39)-FIND(" ",$K39)-1))),$K39) | G39: =IF($B$3="Anonimizados",IF($L39="","",IF(LEN($L39)<6,LEFT($L39,1)&REPT("*",LEN($L39)-1),LEFT($L39,1)&"****"&MID($L39,6,LEN($L39)-5))),$L39) | H39: =IF($I39="","",INDEX(Registro!$I$2:$I$501,$I39)) | I39: =IFERROR(MATCH(27,Registro!$AE$2:$AE$501,0),"") | J39: =IF($I39="","",INDEX(Registro!$E$2:$E$501,$I39)) | K39: =IF($I39="","",INDEX(Registro!$F$2:$F$501,$I39)) | L39: =IF($I39="","",INDEX(Registro!$G$2:$G$501,$I39))
A40: =IF($I40="","",28) | B40: =IF($I40="","",INDEX(Registro!$B$2:$B$501,$I40)) | C40: =IF($I40="","",INDEX(Registro!$H$2:$H$501,$I40)) | D40: =IF($I40="","",INDEX(Registro!$D$2:$D$501,$I40)) | E40: =IF($B$3="Anonimizados",IF($J40="","",IF(ISERROR(FIND(" ",$J40)),$J40,LEFT($J40,FIND(" ",$J40)-1)&" "&MID($J40,FIND(" ",$J40)+1,1)&REPT("*",LEN($J40)-FIND(" ",$J40)-1))),$J40) | F40: =IF($B$3="Anonimizados",IF($K40="","",IF(ISERROR(FIND(" ",$K40)),LEFT($K40,1)&REPT("*",LEN($K40)-1),LEFT($K40,1)&REPT("*",FIND(" ",$K40)-2)&" "&MID($K40,FIND(" ",$K40)+1,1)&REPT("*",LEN($K40)-FIND(" ",$K40)-1))),$K40) | G40: =IF($B$3="Anonimizados",IF($L40="","",IF(LEN($L40)<6,LEFT($L40,1)&REPT("*",LEN($L40)-1),LEFT($L40,1)&"****"&MID($L40,6,LEN($L40)-5))),$L40) | H40: =IF($I40="","",INDEX(Registro!$I$2:$I$501,$I40)) | I40: =IFERROR(MATCH(28,Registro!$AE$2:$AE$501,0),"") | J40: =IF($I40="","",INDEX(Registro!$E$2:$E$501,$I40)) | K40: =IF($I40="","",INDEX(Registro!$F$2:$F$501,$I40)) | L40: =IF($I40="","",INDEX(Registro!$G$2:$G$501,$I40))
A41: =IF($I41="","",29) | B41: =IF($I41="","",INDEX(Registro!$B$2:$B$501,$I41)) | C41: =IF($I41="","",INDEX(Registro!$H$2:$H$501,$I41)) | D41: =IF($I41="","",INDEX(Registro!$D$2:$D$501,$I41)) | E41: =IF($B$3="Anonimizados",IF($J41="","",IF(ISERROR(FIND(" ",$J41)),$J41,LEFT($J41,FIND(" ",$J41)-1)&" "&MID($J41,FIND(" ",$J41)+1,1)&REPT("*",LEN($J41)-FIND(" ",$J41)-1))),$J41) | F41: =IF($B$3="Anonimizados",IF($K41="","",IF(ISERROR(FIND(" ",$K41)),LEFT($K41,1)&REPT("*",LEN($K41)-1),LEFT($K41,1)&REPT("*",FIND(" ",$K41)-2)&" "&MID($K41,FIND(" ",$K41)+1,1)&REPT("*",LEN($K41)-FIND(" ",$K41)-1))),$K41) | G41: =IF($B$3="Anonimizados",IF($L41="","",IF(LEN($L41)<6,LEFT($L41,1)&REPT("*",LEN($L41)-1),LEFT($L41,1)&"****"&MID($L41,6,LEN($L41)-5))),$L41) | H41: =IF($I41="","",INDEX(Registro!$I$2:$I$501,$I41)) | I41: =IFERROR(MATCH(29,Registro!$AE$2:$AE$501,0),"") | J41: =IF($I41="","",INDEX(Registro!$E$2:$E$501,$I41)) | K41: =IF($I41="","",INDEX(Registro!$F$2:$F$501,$I41)) | L41: =IF($I41="","",INDEX(Registro!$G$2:$G$501,$I41))
A42: =IF($I42="","",30) | B42: =IF($I42="","",INDEX(Registro!$B$2:$B$501,$I42)) | C42: =IF($I42="","",INDEX(Registro!$H$2:$H$501,$I42)) | D42: =IF($I42="","",INDEX(Registro!$D$2:$D$501,$I42)) | E42: =IF($B$3="Anonimizados",IF($J42="","",IF(ISERROR(FIND(" ",$J42)),$J42,LEFT($J42,FIND(" ",$J42)-1)&" "&MID($J42,FIND(" ",$J42)+1,1)&REPT("*",LEN($J42)-FIND(" ",$J42)-1))),$J42) | F42: =IF($B$3="Anonimizados",IF($K42="","",IF(ISERROR(FIND(" ",$K42)),LEFT($K42,1)&REPT("*",LEN($K42)-1),LEFT($K42,1)&REPT("*",FIND(" ",$K42)-2)&" "&MID($K42,FIND(" ",$K42)+1,1)&REPT("*",LEN($K42)-FIND(" ",$K42)-1))),$K42) | G42: =IF($B$3="Anonimizados",IF($L42="","",IF(LEN($L42)<6,LEFT($L42,1)&REPT("*",LEN($L42)-1),LEFT($L42,1)&"****"&MID($L42,6,LEN($L42)-5))),$L42) | H42: =IF($I42="","",INDEX(Registro!$I$2:$I$501,$I42)) | I42: =IFERROR(MATCH(30,Registro!$AE$2:$AE$501,0),"") | J42: =IF($I42="","",INDEX(Registro!$E$2:$E$501,$I42)) | K42: =IF($I42="","",INDEX(Registro!$F$2:$F$501,$I42)) | L42: =IF($I42="","",INDEX(Registro!$G$2:$G$501,$I42))
A43: =IF($I43="","",31) | B43: =IF($I43="","",INDEX(Registro!$B$2:$B$501,$I43)) | C43: =IF($I43="","",INDEX(Registro!$H$2:$H$501,$I43)) | D43: =IF($I43="","",INDEX(Registro!$D$2:$D$501,$I43)) | E43: =IF($B$3="Anonimizados",IF($J43="","",IF(ISERROR(FIND(" ",$J43)),$J43,LEFT($J43,FIND(" ",$J43)-1)&" "&MID($J43,FIND(" ",$J43)+1,1)&REPT("*",LEN($J43)-FIND(" ",$J43)-1))),$J43) | F43: =IF($B$3="Anonimizados",IF($K43="","",IF(ISERROR(FIND(" ",$K43)),LEFT($K43,1)&REPT("*",LEN($K43)-1),LEFT($K43,1)&REPT("*",FIND(" ",$K43)-2)&" "&MID($K43,FIND(" ",$K43)+1,1)&REPT("*",LEN($K43)-FIND(" ",$K43)-1))),$K43) | G43: =IF($B$3="Anonimizados",IF($L43="","",IF(LEN($L43)<6,LEFT($L43,1)&REPT("*",LEN($L43)-1),LEFT($L43,1)&"****"&MID($L43,6,LEN($L43)-5))),$L43) | H43: =IF($I43="","",INDEX(Registro!$I$2:$I$501,$I43)) | I43: =IFERROR(MATCH(31,Registro!$AE$2:$AE$501,0),"") | J43: =IF($I43="","",INDEX(Registro!$E$2:$E$501,$I43)) | K43: =IF($I43="","",INDEX(Registro!$F$2:$F$501,$I43)) | L43: =IF($I43="","",INDEX(Registro!$G$2:$G$501,$I43))
A44: =IF($I44="","",32) | B44: =IF($I44="","",INDEX(Registro!$B$2:$B$501,$I44)) | C44: =IF($I44="","",INDEX(Registro!$H$2:$H$501,$I44)) | D44: =IF($I44="","",INDEX(Registro!$D$2:$D$501,$I44)) | E44: =IF($B$3="Anonimizados",IF($J44="","",IF(ISERROR(FIND(" ",$J44)),$J44,LEFT($J44,FIND(" ",$J44)-1)&" "&MID($J44,FIND(" ",$J44)+1,1)&REPT("*",LEN($J44)-FIND(" ",$J44)-1))),$J44) | F44: =IF($B$3="Anonimizados",IF($K44="","",IF(ISERROR(FIND(" ",$K44)),LEFT($K44,1)&REPT("*",LEN($K44)-1),LEFT($K44,1)&REPT("*",FIND(" ",$K44)-2)&" "&MID($K44,FIND(" ",$K44)+1,1)&REPT("*",LEN($K44)-FIND(" ",$K44)-1))),$K44) | G44: =IF($B$3="Anonimizados",IF($L44="","",IF(LEN($L44)<6,LEFT($L44,1)&REPT("*",LEN($L44)-1),LEFT($L44,1)&"****"&MID($L44,6,LEN($L44)-5))),$L44) | H44: =IF($I44="","",INDEX(Registro!$I$2:$I$501,$I44)) | I44: =IFERROR(MATCH(32,Registro!$AE$2:$AE$501,0),"") | J44: =IF($I44="","",INDEX(Registro!$E$2:$E$501,$I44)) | K44: =IF($I44="","",INDEX(Registro!$F$2:$F$501,$I44)) | L44: =IF($I44="","",INDEX(Registro!$G$2:$G$501,$I44))
A45: =IF($I45="","",33) | B45: =IF($I45="","",INDEX(Registro!$B$2:$B$501,$I45)) | C45: =IF($I45="","",INDEX(Registro!$H$2:$H$501,$I45)) | D45: =IF($I45="","",INDEX(Registro!$D$2:$D$501,$I45)) | E45: =IF($B$3="Anonimizados",IF($J45="","",IF(ISERROR(FIND(" ",$J45)),$J45,LEFT($J45,FIND(" ",$J45)-1)&" "&MID($J45,FIND(" ",$J45)+1,1)&REPT("*",LEN($J45)-FIND(" ",$J45)-1))),$J45) | F45: =IF($B$3="Anonimizados",IF($K45="","",IF(ISERROR(FIND(" ",$K45)),LEFT($K45,1)&REPT("*",LEN($K45)-1),LEFT($K45,1)&REPT("*",FIND(" ",$K45)-2)&" "&MID($K45,FIND(" ",$K45)+1,1)&REPT("*",LEN($K45)-FIND(" ",$K45)-1))),$K45) | G45: =IF($B$3="Anonimizados",IF($L45="","",IF(LEN($L45)<6,LEFT($L45,1)&REPT("*",LEN($L45)-1),LEFT($L45,1)&"****"&MID($L45,6,LEN($L45)-5))),$L45) | H45: =IF($I45="","",INDEX(Registro!$I$2:$I$501,$I45)) | I45: =IFERROR(MATCH(33,Registro!$AE$2:$AE$501,0),"") | J45: =IF($I45="","",INDEX(Registro!$E$2:$E$501,$I45)) | K45: =IF($I45="","",INDEX(Registro!$F$2:$F$501,$I45)) | L45: =IF($I45="","",INDEX(Registro!$G$2:$G$501,$I45))
A46: =IF($I46="","",34) | B46: =IF($I46="","",INDEX(Registro!$B$2:$B$501,$I46)) | C46: =IF($I46="","",INDEX(Registro!$H$2:$H$501,$I46)) | D46: =IF($I46="","",INDEX(Registro!$D$2:$D$501,$I46)) | E46: =IF($B$3="Anonimizados",IF($J46="","",IF(ISERROR(FIND(" ",$J46)),$J46,LEFT($J46,FIND(" ",$J46)-1)&" "&MID($J46,FIND(" ",$J46)+1,1)&REPT("*",LEN($J46)-FIND(" ",$J46)-1))),$J46) | F46: =IF($B$3="Anonimizados",IF($K46="","",IF(ISERROR(FIND(" ",$K46)),LEFT($K46,1)&REPT("*",LEN($K46)-1),LEFT($K46,1)&REPT("*",FIND(" ",$K46)-2)&" "&MID($K46,FIND(" ",$K46)+1,1)&REPT("*",LEN($K46)-FIND(" ",$K46)-1))),$K46) | G46: =IF($B$3="Anonimizados",IF($L46="","",IF(LEN($L46)<6,LEFT($L46,1)&REPT("*",LEN($L46)-1),LEFT($L46,1)&"****"&MID($L46,6,LEN($L46)-5))),$L46) | H46: =IF($I46="","",INDEX(Registro!$I$2:$I$501,$I46)) | I46: =IFERROR(MATCH(34,Registro!$AE$2:$AE$501,0),"") | J46: =IF($I46="","",INDEX(Registro!$E$2:$E$501,$I46)) | K46: =IF($I46="","",INDEX(Registro!$F$2:$F$501,$I46)) | L46: =IF($I46="","",INDEX(Registro!$G$2:$G$501,$I46))
A47: =IF($I47="","",35) | B47: =IF($I47="","",INDEX(Registro!$B$2:$B$501,$I47)) | C47: =IF($I47="","",INDEX(Registro!$H$2:$H$501,$I47)) | D47: =IF($I47="","",INDEX(Registro!$D$2:$D$501,$I47)) | E47: =IF($B$3="Anonimizados",IF($J47="","",IF(ISERROR(FIND(" ",$J47)),$J47,LEFT($J47,FIND(" ",$J47)-1)&" "&MID($J47,FIND(" ",$J47)+1,1)&REPT("*",LEN($J47)-FIND(" ",$J47)-1))),$J47) | F47: =IF($B$3="Anonimizados",IF($K47="","",IF(ISERROR(FIND(" ",$K47)),LEFT($K47,1)&REPT("*",LEN($K47)-1),LEFT($K47,1)&REPT("*",FIND(" ",$K47)-2)&" "&MID($K47,FIND(" ",$K47)+1,1)&REPT("*",LEN($K47)-FIND(" ",$K47)-1))),$K47) | G47: =IF($B$3="Anonimizados",IF($L47="","",IF(LEN($L47)<6,LEFT($L47,1)&REPT("*",LEN($L47)-1),LEFT($L47,1)&"****"&MID($L47,6,LEN($L47)-5))),$L47) | H47: =IF($I47="","",INDEX(Registro!$I$2:$I$501,$I47)) | I47: =IFERROR(MATCH(35,Registro!$AE$2:$AE$501,0),"") | J47: =IF($I47="","",INDEX(Registro!$E$2:$E$501,$I47)) | K47: =IF($I47="","",INDEX(Registro!$F$2:$F$501,$I47)) | L47: =IF($I47="","",INDEX(Registro!$G$2:$G$501,$I47))
A48: =IF($I48="","",36) | B48: =IF($I48="","",INDEX(Registro!$B$2:$B$501,$I48)) | C48: =IF($I48="","",INDEX(Registro!$H$2:$H$501,$I48)) | D48: =IF($I48="","",INDEX(Registro!$D$2:$D$501,$I48)) | E48: =IF($B$3="Anonimizados",IF($J48="","",IF(ISERROR(FIND(" ",$J48)),$J48,LEFT($J48,FIND(" ",$J48)-1)&" "&MID($J48,FIND(" ",$J48)+1,1)&REPT("*",LEN($J48)-FIND(" ",$J48)-1))),$J48) | F48: =IF($B$3="Anonimizados",IF($K48="","",IF(ISERROR(FIND(" ",$K48)),LEFT($K48,1)&REPT("*",LEN($K48)-1),LEFT($K48,1)&REPT("*",FIND(" ",$K48)-2)&" "&MID($K48,FIND(" ",$K48)+1,1)&REPT("*",LEN($K48)-FIND(" ",$K48)-1))),$K48) | G48: =IF($B$3="Anonimizados",IF($L48="","",IF(LEN($L48)<6,LEFT($L48,1)&REPT("*",LEN($L48)-1),LEFT($L48,1)&"****"&MID($L48,6,LEN($L48)-5))),$L48) | H48: =IF($I48="","",INDEX(Registro!$I$2:$I$501,$I48)) | I48: =IFERROR(MATCH(36,Registro!$AE$2:$AE$501,0),"") | J48: =IF($I48="","",INDEX(Registro!$E$2:$E$501,$I48)) | K48: =IF($I48="","",INDEX(Registro!$F$2:$F$501,$I48)) | L48: =IF($I48="","",INDEX(Registro!$G$2:$G$501,$I48))
A49: =IF($I49="","",37) | B49: =IF($I49="","",INDEX(Registro!$B$2:$B$501,$I49)) | C49: =IF($I49="","",INDEX(Registro!$H$2:$H$501,$I49)) | D49: =IF($I49="","",INDEX(Registro!$D$2:$D$501,$I49)) | E49: =IF($B$3="Anonimizados",IF($J49="","",IF(ISERROR(FIND(" ",$J49)),$J49,LEFT($J49,FIND(" ",$J49)-1)&" "&MID($J49,FIND(" ",$J49)+1,1)&REPT("*",LEN($J49)-FIND(" ",$J49)-1))),$J49) | F49: =IF($B$3="Anonimizados",IF($K49="","",IF(ISERROR(FIND(" ",$K49)),LEFT($K49,1)&REPT("*",LEN($K49)-1),LEFT($K49,1)&REPT("*",FIND(" ",$K49)-2)&" "&MID($K49,FIND(" ",$K49)+1,1)&REPT("*",LEN($K49)-FIND(" ",$K49)-1))),$K49) | G49: =IF($B$3="Anonimizados",IF($L49="","",IF(LEN($L49)<6,LEFT($L49,1)&REPT("*",LEN($L49)-1),LEFT($L49,1)&"****"&MID($L49,6,LEN($L49)-5))),$L49) | H49: =IF($I49="","",INDEX(Registro!$I$2:$I$501,$I49)) | I49: =IFERROR(MATCH(37,Registro!$AE$2:$AE$501,0),"") | J49: =IF($I49="","",INDEX(Registro!$E$2:$E$501,$I49)) | K49: =IF($I49="","",INDEX(Registro!$F$2:$F$501,$I49)) | L49: =IF($I49="","",INDEX(Registro!$G$2:$G$501,$I49))
A50: =IF($I50="","",38) | B50: =IF($I50="","",INDEX(Registro!$B$2:$B$501,$I50)) | C50: =IF($I50="","",INDEX(Registro!$H$2:$H$501,$I50)) | D50: =IF($I50="","",INDEX(Registro!$D$2:$D$501,$I50)) | E50: =IF($B$3="Anonimizados",IF($J50="","",IF(ISERROR(FIND(" ",$J50)),$J50,LEFT($J50,FIND(" ",$J50)-1)&" "&MID($J50,FIND(" ",$J50)+1,1)&REPT("*",LEN($J50)-FIND(" ",$J50)-1))),$J50) | F50: =IF($B$3="Anonimizados",IF($K50="","",IF(ISERROR(FIND(" ",$K50)),LEFT($K50,1)&REPT("*",LEN($K50)-1),LEFT($K50,1)&REPT("*",FIND(" ",$K50)-2)&" "&MID($K50,FIND(" ",$K50)+1,1)&REPT("*",LEN($K50)-FIND(" ",$K50)-1))),$K50) | G50: =IF($B$3="Anonimizados",IF($L50="","",IF(LEN($L50)<6,LEFT($L50,1)&REPT("*",LEN($L50)-1),LEFT($L50,1)&"****"&MID($L50,6,LEN($L50)-5))),$L50) | H50: =IF($I50="","",INDEX(Registro!$I$2:$I$501,$I50)) | I50: =IFERROR(MATCH(38,Registro!$AE$2:$AE$501,0),"") | J50: =IF($I50="","",INDEX(Registro!$E$2:$E$501,$I50)) | K50: =IF($I50="","",INDEX(Registro!$F$2:$F$501,$I50)) | L50: =IF($I50="","",INDEX(Registro!$G$2:$G$501,$I50))
A51: =IF($I51="","",39) | B51: =IF($I51="","",INDEX(Registro!$B$2:$B$501,$I51)) | C51: =IF($I51="","",INDEX(Registro!$H$2:$H$501,$I51)) | D51: =IF($I51="","",INDEX(Registro!$D$2:$D$501,$I51)) | E51: =IF($B$3="Anonimizados",IF($J51="","",IF(ISERROR(FIND(" ",$J51)),$J51,LEFT($J51,FIND(" ",$J51)-1)&" "&MID($J51,FIND(" ",$J51)+1,1)&REPT("*",LEN($J51)-FIND(" ",$J51)-1))),$J51) | F51: =IF($B$3="Anonimizados",IF($K51="","",IF(ISERROR(FIND(" ",$K51)),LEFT($K51,1)&REPT("*",LEN($K51)-1),LEFT($K51,1)&REPT("*",FIND(" ",$K51)-2)&" "&MID($K51,FIND(" ",$K51)+1,1)&REPT("*",LEN($K51)-FIND(" ",$K51)-1))),$K51) | G51: =IF($B$3="Anonimizados",IF($L51="","",IF(LEN($L51)<6,LEFT($L51,1)&REPT("*",LEN($L51)-1),LEFT($L51,1)&"****"&MID($L51,6,LEN($L51)-5))),$L51) | H51: =IF($I51="","",INDEX(Registro!$I$2:$I$501,$I51)) | I51: =IFERROR(MATCH(39,Registro!$AE$2:$AE$501,0),"") | J51: =IF($I51="","",INDEX(Registro!$E$2:$E$501,$I51)) | K51: =IF($I51="","",INDEX(Registro!$F$2:$F$501,$I51)) | L51: =IF($I51="","",INDEX(Registro!$G$2:$G$501,$I51))
A52: =IF($I52="","",40) | B52: =IF($I52="","",INDEX(Registro!$B$2:$B$501,$I52)) | C52: =IF($I52="","",INDEX(Registro!$H$2:$H$501,$I52)) | D52: =IF($I52="","",INDEX(Registro!$D$2:$D$501,$I52)) | E52: =IF($B$3="Anonimizados",IF($J52="","",IF(ISERROR(FIND(" ",$J52)),$J52,LEFT($J52,FIND(" ",$J52)-1)&" "&MID($J52,FIND(" ",$J52)+1,1)&REPT("*",LEN($J52)-FIND(" ",$J52)-1))),$J52) | F52: =IF($B$3="Anonimizados",IF($K52="","",IF(ISERROR(FIND(" ",$K52)),LEFT($K52,1)&REPT("*",LEN($K52)-1),LEFT($K52,1)&REPT("*",FIND(" ",$K52)-2)&" "&MID($K52,FIND(" ",$K52)+1,1)&REPT("*",LEN($K52)-FIND(" ",$K52)-1))),$K52) | G52: =IF($B$3="Anonimizados",IF($L52="","",IF(LEN($L52)<6,LEFT($L52,1)&REPT("*",LEN($L52)-1),LEFT($L52,1)&"****"&MID($L52,6,LEN($L52)-5))),$L52) | H52: =IF($I52="","",INDEX(Registro!$I$2:$I$501,$I52)) | I52: =IFERROR(MATCH(40,Registro!$AE$2:$AE$501,0),"") | J52: =IF($I52="","",INDEX(Registro!$E$2:$E$501,$I52)) | K52: =IF($I52="","",INDEX(Registro!$F$2:$F$501,$I52)) | L52: =IF($I52="","",INDEX(Registro!$G$2:$G$501,$I52))
A53: =IF($I53="","",41) | B53: =IF($I53="","",INDEX(Registro!$B$2:$B$501,$I53)) | C53: =IF($I53="","",INDEX(Registro!$H$2:$H$501,$I53)) | D53: =IF($I53="","",INDEX(Registro!$D$2:$D$501,$I53)) | E53: =IF($B$3="Anonimizados",IF($J53="","",IF(ISERROR(FIND(" ",$J53)),$J53,LEFT($J53,FIND(" ",$J53)-1)&" "&MID($J53,FIND(" ",$J53)+1,1)&REPT("*",LEN($J53)-FIND(" ",$J53)-1))),$J53) | F53: =IF($B$3="Anonimizados",IF($K53="","",IF(ISERROR(FIND(" ",$K53)),LEFT($K53,1)&REPT("*",LEN($K53)-1),LEFT($K53,1)&REPT("*",FIND(" ",$K53)-2)&" "&MID($K53,FIND(" ",$K53)+1,1)&REPT("*",LEN($K53)-FIND(" ",$K53)-1))),$K53) | G53: =IF($B$3="Anonimizados",IF($L53="","",IF(LEN($L53)<6,LEFT($L53,1)&REPT("*",LEN($L53)-1),LEFT($L53,1)&"****"&MID($L53,6,LEN($L53)-5))),$L53) | H53: =IF($I53="","",INDEX(Registro!$I$2:$I$501,$I53)) | I53: =IFERROR(MATCH(41,Registro!$AE$2:$AE$501,0),"") | J53: =IF($I53="","",INDEX(Registro!$E$2:$E$501,$I53)) | K53: =IF($I53="","",INDEX(Registro!$F$2:$F$501,$I53)) | L53: =IF($I53="","",INDEX(Registro!$G$2:$G$501,$I53))
A54: =IF($I54="","",42) | B54: =IF($I54="","",INDEX(Registro!$B$2:$B$501,$I54)) | C54: =IF($I54="","",INDEX(Registro!$H$2:$H$501,$I54)) | D54: =IF($I54="","",INDEX(Registro!$D$2:$D$501,$I54)) | E54: =IF($B$3="Anonimizados",IF($J54="","",IF(ISERROR(FIND(" ",$J54)),$J54,LEFT($J54,FIND(" ",$J54)-1)&" "&MID($J54,FIND(" ",$J54)+1,1)&REPT("*",LEN($J54)-FIND(" ",$J54)-1))),$J54) | F54: =IF($B$3="Anonimizados",IF($K54="","",IF(ISERROR(FIND(" ",$K54)),LEFT($K54,1)&REPT("*",LEN($K54)-1),LEFT($K54,1)&REPT("*",FIND(" ",$K54)-2)&" "&MID($K54,FIND(" ",$K54)+1,1)&REPT("*",LEN($K54)-FIND(" ",$K54)-1))),$K54) | G54: =IF($B$3="Anonimizados",IF($L54="","",IF(LEN($L54)<6,LEFT($L54,1)&REPT("*",LEN($L54)-1),LEFT($L54,1)&"****"&MID($L54,6,LEN($L54)-5))),$L54) | H54: =IF($I54="","",INDEX(Registro!$I$2:$I$501,$I54)) | I54: =IFERROR(MATCH(42,Registro!$AE$2:$AE$501,0),"") | J54: =IF($I54="","",INDEX(Registro!$E$2:$E$501,$I54)) | K54: =IF($I54="","",INDEX(Registro!$F$2:$F$501,$I54)) | L54: =IF($I54="","",INDEX(Registro!$G$2:$G$501,$I54))
A55: =IF($I55="","",43) | B55: =IF($I55="","",INDEX(Registro!$B$2:$B$501,$I55)) | C55: =IF($I55="","",INDEX(Registro!$H$2:$H$501,$I55)) | D55: =IF($I55="","",INDEX(Registro!$D$2:$D$501,$I55)) | E55: =IF($B$3="Anonimizados",IF($J55="","",IF(ISERROR(FIND(" ",$J55)),$J55,LEFT($J55,FIND(" ",$J55)-1)&" "&MID($J55,FIND(" ",$J55)+1,1)&REPT("*",LEN($J55)-FIND(" ",$J55)-1))),$J55) | F55: =IF($B$3="Anonimizados",IF($K55="","",IF(ISERROR(FIND(" ",$K55)),LEFT($K55,1)&REPT("*",LEN($K55)-1),LEFT($K55,1)&REPT("*",FIND(" ",$K55)-2)&" "&MID($K55,FIND(" ",$K55)+1,1)&REPT("*",LEN($K55)-FIND(" ",$K55)-1))),$K55) | G55: =IF($B$3="Anonimizados",IF($L55="","",IF(LEN($L55)<6,LEFT($L55,1)&REPT("*",LEN($L55)-1),LEFT($L55,1)&"****"&MID($L55,6,LEN($L55)-5))),$L55) | H55: =IF($I55="","",INDEX(Registro!$I$2:$I$501,$I55)) | I55: =IFERROR(MATCH(43,Registro!$AE$2:$AE$501,0),"") | J55: =IF($I55="","",INDEX(Registro!$E$2:$E$501,$I55)) | K55: =IF($I55="","",INDEX(Registro!$F$2:$F$501,$I55)) | L55: =IF($I55="","",INDEX(Registro!$G$2:$G$501,$I55))
A56: =IF($I56="","",44) | B56: =IF($I56="","",INDEX(Registro!$B$2:$B$501,$I56)) | C56: =IF($I56="","",INDEX(Registro!$H$2:$H$501,$I56)) | D56: =IF($I56="","",INDEX(Registro!$D$2:$D$501,$I56)) | E56: =IF($B$3="Anonimizados",IF($J56="","",IF(ISERROR(FIND(" ",$J56)),$J56,LEFT($J56,FIND(" ",$J56)-1)&" "&MID($J56,FIND(" ",$J56)+1,1)&REPT("*",LEN($J56)-FIND(" ",$J56)-1))),$J56) | F56: =IF($B$3="Anonimizados",IF($K56="","",IF(ISERROR(FIND(" ",$K56)),LEFT($K56,1)&REPT("*",LEN($K56)-1),LEFT($K56,1)&REPT("*",FIND(" ",$K56)-2)&" "&MID($K56,FIND(" ",$K56)+1,1)&REPT("*",LEN($K56)-FIND(" ",$K56)-1))),$K56) | G56: =IF($B$3="Anonimizados",IF($L56="","",IF(LEN($L56)<6,LEFT($L56,1)&REPT("*",LEN($L56)-1),LEFT($L56,1)&"****"&MID($L56,6,LEN($L56)-5))),$L56) | H56: =IF($I56="","",INDEX(Registro!$I$2:$I$501,$I56)) | I56: =IFERROR(MATCH(44,Registro!$AE$2:$AE$501,0),"") | J56: =IF($I56="","",INDEX(Registro!$E$2:$E$501,$I56)) | K56: =IF($I56="","",INDEX(Registro!$F$2:$F$501,$I56)) | L56: =IF($I56="","",INDEX(Registro!$G$2:$G$501,$I56))
A57: =IF($I57="","",45) | B57: =IF($I57="","",INDEX(Registro!$B$2:$B$501,$I57)) | C57: =IF($I57="","",INDEX(Registro!$H$2:$H$501,$I57)) | D57: =IF($I57="","",INDEX(Registro!$D$2:$D$501,$I57)) | E57: =IF($B$3="Anonimizados",IF($J57="","",IF(ISERROR(FIND(" ",$J57)),$J57,LEFT($J57,FIND(" ",$J57)-1)&" "&MID($J57,FIND(" ",$J57)+1,1)&REPT("*",LEN($J57)-FIND(" ",$J57)-1))),$J57) | F57: =IF($B$3="Anonimizados",IF($K57="","",IF(ISERROR(FIND(" ",$K57)),LEFT($K57,1)&REPT("*",LEN($K57)-1),LEFT($K57,1)&REPT("*",FIND(" ",$K57)-2)&" "&MID($K57,FIND(" ",$K57)+1,1)&REPT("*",LEN($K57)-FIND(" ",$K57)-1))),$K57) | G57: =IF($B$3="Anonimizados",IF($L57="","",IF(LEN($L57)<6,LEFT($L57,1)&REPT("*",LEN($L57)-1),LEFT($L57,1)&"****"&MID($L57,6,LEN($L57)-5))),$L57) | H57: =IF($I57="","",INDEX(Registro!$I$2:$I$501,$I57)) | I57: =IFERROR(MATCH(45,Registro!$AE$2:$AE$501,0),"") | J57: =IF($I57="","",INDEX(Registro!$E$2:$E$501,$I57)) | K57: =IF($I57="","",INDEX(Registro!$F$2:$F$501,$I57)) | L57: =IF($I57="","",INDEX(Registro!$G$2:$G$501,$I57))
A58: =IF($I58="","",46) | B58: =IF($I58="","",INDEX(Registro!$B$2:$B$501,$I58)) | C58: =IF($I58="","",INDEX(Registro!$H$2:$H$501,$I58)) | D58: =IF($I58="","",INDEX(Registro!$D$2:$D$501,$I58)) | E58: =IF($B$3="Anonimizados",IF($J58="","",IF(ISERROR(FIND(" ",$J58)),$J58,LEFT($J58,FIND(" ",$J58)-1)&" "&MID($J58,FIND(" ",$J58)+1,1)&REPT("*",LEN($J58)-FIND(" ",$J58)-1))),$J58) | F58: =IF($B$3="Anonimizados",IF($K58="","",IF(ISERROR(FIND(" ",$K58)),LEFT($K58,1)&REPT("*",LEN($K58)-1),LEFT($K58,1)&REPT("*",FIND(" ",$K58)-2)&" "&MID($K58,FIND(" ",$K58)+1,1)&REPT("*",LEN($K58)-FIND(" ",$K58)-1))),$K58) | G58: =IF($B$3="Anonimizados",IF($L58="","",IF(LEN($L58)<6,LEFT($L58,1)&REPT("*",LEN($L58)-1),LEFT($L58,1)&"****"&MID($L58,6,LEN($L58)-5))),$L58) | H58: =IF($I58="","",INDEX(Registro!$I$2:$I$501,$I58)) | I58: =IFERROR(MATCH(46,Registro!$AE$2:$AE$501,0),"") | J58: =IF($I58="","",INDEX(Registro!$E$2:$E$501,$I58)) | K58: =IF($I58="","",INDEX(Registro!$F$2:$F$501,$I58)) | L58: =IF($I58="","",INDEX(Registro!$G$2:$G$501,$I58))
A59: =IF($I59="","",47) | B59: =IF($I59="","",INDEX(Registro!$B$2:$B$501,$I59)) | C59: =IF($I59="","",INDEX(Registro!$H$2:$H$501,$I59)) | D59: =IF($I59="","",INDEX(Registro!$D$2:$D$501,$I59)) | E59: =IF($B$3="Anonimizados",IF($J59="","",IF(ISERROR(FIND(" ",$J59)),$J59,LEFT($J59,FIND(" ",$J59)-1)&" "&MID($J59,FIND(" ",$J59)+1,1)&REPT("*",LEN($J59)-FIND(" ",$J59)-1))),$J59) | F59: =IF($B$3="Anonimizados",IF($K59="","",IF(ISERROR(FIND(" ",$K59)),LEFT($K59,1)&REPT("*",LEN($K59)-1),LEFT($K59,1)&REPT("*",FIND(" ",$K59)-2)&" "&MID($K59,FIND(" ",$K59)+1,1)&REPT("*",LEN($K59)-FIND(" ",$K59)-1))),$K59) | G59: =IF($B$3="Anonimizados",IF($L59="","",IF(LEN($L59)<6,LEFT($L59,1)&REPT("*",LEN($L59)-1),LEFT($L59,1)&"****"&MID($L59,6,LEN($L59)-5))),$L59) | H59: =IF($I59="","",INDEX(Registro!$I$2:$I$501,$I59)) | I59: =IFERROR(MATCH(47,Registro!$AE$2:$AE$501,0),"") | J59: =IF($I59="","",INDEX(Registro!$E$2:$E$501,$I59)) | K59: =IF($I59="","",INDEX(Registro!$F$2:$F$501,$I59)) | L59: =IF($I59="","",INDEX(Registro!$G$2:$G$501,$I59))
A60: =IF($I60="","",48) | B60: =IF($I60="","",INDEX(Registro!$B$2:$B$501,$I60)) | C60: =IF($I60="","",INDEX(Registro!$H$2:$H$501,$I60)) | D60: =IF($I60="","",INDEX(Registro!$D$2:$D$501,$I60)) | E60: =IF($B$3="Anonimizados",IF($J60="","",IF(ISERROR(FIND(" ",$J60)),$J60,LEFT($J60,FIND(" ",$J60)-1)&" "&MID($J60,FIND(" ",$J60)+1,1)&REPT("*",LEN($J60)-FIND(" ",$J60)-1))),$J60) | F60: =IF($B$3="Anonimizados",IF($K60="","",IF(ISERROR(FIND(" ",$K60)),LEFT($K60,1)&REPT("*",LEN($K60)-1),LEFT($K60,1)&REPT("*",FIND(" ",$K60)-2)&" "&MID($K60,FIND(" ",$K60)+1,1)&REPT("*",LEN($K60)-FIND(" ",$K60)-1))),$K60) | G60: =IF($B$3="Anonimizados",IF($L60="","",IF(LEN($L60)<6,LEFT($L60,1)&REPT("*",LEN($L60)-1),LEFT($L60,1)&"****"&MID($L60,6,LEN($L60)-5))),$L60) | H60: =IF($I60="","",INDEX(Registro!$I$2:$I$501,$I60)) | I60: =IFERROR(MATCH(48,Registro!$AE$2:$AE$501,0),"") | J60: =IF($I60="","",INDEX(Registro!$E$2:$E$501,$I60)) | K60: =IF($I60="","",INDEX(Registro!$F$2:$F$501,$I60)) | L60: =IF($I60="","",INDEX(Registro!$G$2:$G$501,$I60))
A61: =IF($I61="","",49) | B61: =IF($I61="","",INDEX(Registro!$B$2:$B$501,$I61)) | C61: =IF($I61="","",INDEX(Registro!$H$2:$H$501,$I61)) | D61: =IF($I61="","",INDEX(Registro!$D$2:$D$501,$I61)) | E61: =IF($B$3="Anonimizados",IF($J61="","",IF(ISERROR(FIND(" ",$J61)),$J61,LEFT($J61,FIND(" ",$J61)-1)&" "&MID($J61,FIND(" ",$J61)+1,1)&REPT("*",LEN($J61)-FIND(" ",$J61)-1))),$J61) | F61: =IF($B$3="Anonimizados",IF($K61="","",IF(ISERROR(FIND(" ",$K61)),LEFT($K61,1)&REPT("*",LEN($K61)-1),LEFT($K61,1)&REPT("*",FIND(" ",$K61)-2)&" "&MID($K61,FIND(" ",$K61)+1,1)&REPT("*",LEN($K61)-FIND(" ",$K61)-1))),$K61) | G61: =IF($B$3="Anonimizados",IF($L61="","",IF(LEN($L61)<6,LEFT($L61,1)&REPT("*",LEN($L61)-1),LEFT($L61,1)&"****"&MID($L61,6,LEN($L61)-5))),$L61) | H61: =IF($I61="","",INDEX(Registro!$I$2:$I$501,$I61)) | I61: =IFERROR(MATCH(49,Registro!$AE$2:$AE$501,0),"") | J61: =IF($I61="","",INDEX(Registro!$E$2:$E$501,$I61)) | K61: =IF($I61="","",INDEX(Registro!$F$2:$F$501,$I61)) | L61: =IF($I61="","",INDEX(Registro!$G$2:$G$501,$I61))
A62: =IF($I62="","",50) | B62: =IF($I62="","",INDEX(Registro!$B$2:$B$501,$I62)) | C62: =IF($I62="","",INDEX(Registro!$H$2:$H$501,$I62)) | D62: =IF($I62="","",INDEX(Registro!$D$2:$D$501,$I62)) | E62: =IF($B$3="Anonimizados",IF($J62="","",IF(ISERROR(FIND(" ",$J62)),$J62,LEFT($J62,FIND(" ",$J62)-1)&" "&MID($J62,FIND(" ",$J62)+1,1)&REPT("*",LEN($J62)-FIND(" ",$J62)-1))),$J62) | F62: =IF($B$3="Anonimizados",IF($K62="","",IF(ISERROR(FIND(" ",$K62)),LEFT($K62,1)&REPT("*",LEN($K62)-1),LEFT($K62,1)&REPT("*",FIND(" ",$K62)-2)&" "&MID($K62,FIND(" ",$K62)+1,1)&REPT("*",LEN($K62)-FIND(" ",$K62)-1))),$K62) | G62: =IF($B$3="Anonimizados",IF($L62="","",IF(LEN($L62)<6,LEFT($L62,1)&REPT("*",LEN($L62)-1),LEFT($L62,1)&"****"&MID($L62,6,LEN($L62)-5))),$L62) | H62: =IF($I62="","",INDEX(Registro!$I$2:$I$501,$I62)) | I62: =IFERROR(MATCH(50,Registro!$AE$2:$AE$501,0),"") | J62: =IF($I62="","",INDEX(Registro!$E$2:$E$501,$I62)) | K62: =IF($I62="","",INDEX(Registro!$F$2:$F$501,$I62)) | L62: =IF($I62="","",INDEX(Registro!$G$2:$G$501,$I62))
A63: =IF($I63="","",51) | B63: =IF($I63="","",INDEX(Registro!$B$2:$B$501,$I63)) | C63: =IF($I63="","",INDEX(Registro!$H$2:$H$501,$I63)) | D63: =IF($I63="","",INDEX(Registro!$D$2:$D$501,$I63)) | E63: =IF($B$3="Anonimizados",IF($J63="","",IF(ISERROR(FIND(" ",$J63)),$J63,LEFT($J63,FIND(" ",$J63)-1)&" "&MID($J63,FIND(" ",$J63)+1,1)&REPT("*",LEN($J63)-FIND(" ",$J63)-1))),$J63) | F63: =IF($B$3="Anonimizados",IF($K63="","",IF(ISERROR(FIND(" ",$K63)),LEFT($K63,1)&REPT("*",LEN($K63)-1),LEFT($K63,1)&REPT("*",FIND(" ",$K63)-2)&" "&MID($K63,FIND(" ",$K63)+1,1)&REPT("*",LEN($K63)-FIND(" ",$K63)-1))),$K63) | G63: =IF($B$3="Anonimizados",IF($L63="","",IF(LEN($L63)<6,LEFT($L63,1)&REPT("*",LEN($L63)-1),LEFT($L63,1)&"****"&MID($L63,6,LEN($L63)-5))),$L63) | H63: =IF($I63="","",INDEX(Registro!$I$2:$I$501,$I63)) | I63: =IFERROR(MATCH(51,Registro!$AE$2:$AE$501,0),"") | J63: =IF($I63="","",INDEX(Registro!$E$2:$E$501,$I63)) | K63: =IF($I63="","",INDEX(Registro!$F$2:$F$501,$I63)) | L63: =IF($I63="","",INDEX(Registro!$G$2:$G$501,$I63))
A64: =IF($I64="","",52) | B64: =IF($I64="","",INDEX(Registro!$B$2:$B$501,$I64)) | C64: =IF($I64="","",INDEX(Registro!$H$2:$H$501,$I64)) | D64: =IF($I64="","",INDEX(Registro!$D$2:$D$501,$I64)) | E64: =IF($B$3="Anonimizados",IF($J64="","",IF(ISERROR(FIND(" ",$J64)),$J64,LEFT($J64,FIND(" ",$J64)-1)&" "&MID($J64,FIND(" ",$J64)+1,1)&REPT("*",LEN($J64)-FIND(" ",$J64)-1))),$J64) | F64: =IF($B$3="Anonimizados",IF($K64="","",IF(ISERROR(FIND(" ",$K64)),LEFT($K64,1)&REPT("*",LEN($K64)-1),LEFT($K64,1)&REPT("*",FIND(" ",$K64)-2)&" "&MID($K64,FIND(" ",$K64)+1,1)&REPT("*",LEN($K64)-FIND(" ",$K64)-1))),$K64) | G64: =IF($B$3="Anonimizados",IF($L64="","",IF(LEN($L64)<6,LEFT($L64,1)&REPT("*",LEN($L64)-1),LEFT($L64,1)&"****"&MID($L64,6,LEN($L64)-5))),$L64) | H64: =IF($I64="","",INDEX(Registro!$I$2:$I$501,$I64)) | I64: =IFERROR(MATCH(52,Registro!$AE$2:$AE$501,0),"") | J64: =IF($I64="","",INDEX(Registro!$E$2:$E$501,$I64)) | K64: =IF($I64="","",INDEX(Registro!$F$2:$F$501,$I64)) | L64: =IF($I64="","",INDEX(Registro!$G$2:$G$501,$I64))
A65: =IF($I65="","",53) | B65: =IF($I65="","",INDEX(Registro!$B$2:$B$501,$I65)) | C65: =IF($I65="","",INDEX(Registro!$H$2:$H$501,$I65)) | D65: =IF($I65="","",INDEX(Registro!$D$2:$D$501,$I65)) | E65: =IF($B$3="Anonimizados",IF($J65="","",IF(ISERROR(FIND(" ",$J65)),$J65,LEFT($J65,FIND(" ",$J65)-1)&" "&MID($J65,FIND(" ",$J65)+1,1)&REPT("*",LEN($J65)-FIND(" ",$J65)-1))),$J65) | F65: =IF($B$3="Anonimizados",IF($K65="","",IF(ISERROR(FIND(" ",$K65)),LEFT($K65,1)&REPT("*",LEN($K65)-1),LEFT($K65,1)&REPT("*",FIND(" ",$K65)-2)&" "&MID($K65,FIND(" ",$K65)+1,1)&REPT("*",LEN($K65)-FIND(" ",$K65)-1))),$K65) | G65: =IF($B$3="Anonimizados",IF($L65="","",IF(LEN($L65)<6,LEFT($L65,1)&REPT("*",LEN($L65)-1),LEFT($L65,1)&"****"&MID($L65,6,LEN($L65)-5))),$L65) | H65: =IF($I65="","",INDEX(Registro!$I$2:$I$501,$I65)) | I65: =IFERROR(MATCH(53,Registro!$AE$2:$AE$501,0),"") | J65: =IF($I65="","",INDEX(Registro!$E$2:$E$501,$I65)) | K65: =IF($I65="","",INDEX(Registro!$F$2:$F$501,$I65)) | L65: =IF($I65="","",INDEX(Registro!$G$2:$G$501,$I65))
A66: =IF($I66="","",54) | B66: =IF($I66="","",INDEX(Registro!$B$2:$B$501,$I66)) | C66: =IF($I66="","",INDEX(Registro!$H$2:$H$501,$I66)) | D66: =IF($I66="","",INDEX(Registro!$D$2:$D$501,$I66)) | E66: =IF($B$3="Anonimizados",IF($J66="","",IF(ISERROR(FIND(" ",$J66)),$J66,LEFT($J66,FIND(" ",$J66)-1)&" "&MID($J66,FIND(" ",$J66)+1,1)&REPT("*",LEN($J66)-FIND(" ",$J66)-1))),$J66) | F66: =IF($B$3="Anonimizados",IF($K66="","",IF(ISERROR(FIND(" ",$K66)),LEFT($K66,1)&REPT("*",LEN($K66)-1),LEFT($K66,1)&REPT("*",FIND(" ",$K66)-2)&" "&MID($K66,FIND(" ",$K66)+1,1)&REPT("*",LEN($K66)-FIND(" ",$K66)-1))),$K66) | G66: =IF($B$3="Anonimizados",IF($L66="","",IF(LEN($L66)<6,LEFT($L66,1)&REPT("*",LEN($L66)-1),LEFT($L66,1)&"****"&MID($L66,6,LEN($L66)-5))),$L66) | H66: =IF($I66="","",INDEX(Registro!$I$2:$I$501,$I66)) | I66: =IFERROR(MATCH(54,Registro!$AE$2:$AE$501,0),"") | J66: =IF($I66="","",INDEX(Registro!$E$2:$E$501,$I66)) | K66: =IF($I66="","",INDEX(Registro!$F$2:$F$501,$I66)) | L66: =IF($I66="","",INDEX(Registro!$G$2:$G$501,$I66))
A67: =IF($I67="","",55) | B67: =IF($I67="","",INDEX(Registro!$B$2:$B$501,$I67)) | C67: =IF($I67="","",INDEX(Registro!$H$2:$H$501,$I67)) | D67: =IF($I67="","",INDEX(Registro!$D$2:$D$501,$I67)) | E67: =IF($B$3="Anonimizados",IF($J67="","",IF(ISERROR(FIND(" ",$J67)),$J67,LEFT($J67,FIND(" ",$J67)-1)&" "&MID($J67,FIND(" ",$J67)+1,1)&REPT("*",LEN($J67)-FIND(" ",$J67)-1))),$J67) | F67: =IF($B$3="Anonimizados",IF($K67="","",IF(ISERROR(FIND(" ",$K67)),LEFT($K67,1)&REPT("*",LEN($K67)-1),LEFT($K67,1)&REPT("*",FIND(" ",$K67)-2)&" "&MID($K67,FIND(" ",$K67)+1,1)&REPT("*",LEN($K67)-FIND(" ",$K67)-1))),$K67) | G67: =IF($B$3="Anonimizados",IF($L67="","",IF(LEN($L67)<6,LEFT($L67,1)&REPT("*",LEN($L67)-1),LEFT($L67,1)&"****"&MID($L67,6,LEN($L67)-5))),$L67) | H67: =IF($I67="","",INDEX(Registro!$I$2:$I$501,$I67)) | I67: =IFERROR(MATCH(55,Registro!$AE$2:$AE$501,0),"") | J67: =IF($I67="","",INDEX(Registro!$E$2:$E$501,$I67)) | K67: =IF($I67="","",INDEX(Registro!$F$2:$F$501,$I67)) | L67: =IF($I67="","",INDEX(Registro!$G$2:$G$501,$I67))
A68: =IF($I68="","",56) | B68: =IF($I68="","",INDEX(Registro!$B$2:$B$501,$I68)) | C68: =IF($I68="","",INDEX(Registro!$H$2:$H$501,$I68)) | D68: =IF($I68="","",INDEX(Registro!$D$2:$D$501,$I68)) | E68: =IF($B$3="Anonimizados",IF($J68="","",IF(ISERROR(FIND(" ",$J68)),$J68,LEFT($J68,FIND(" ",$J68)-1)&" "&MID($J68,FIND(" ",$J68)+1,1)&REPT("*",LEN($J68)-FIND(" ",$J68)-1))),$J68) | F68: =IF($B$3="Anonimizados",IF($K68="","",IF(ISERROR(FIND(" ",$K68)),LEFT($K68,1)&REPT("*",LEN($K68)-1),LEFT($K68,1)&REPT("*",FIND(" ",$K68)-2)&" "&MID($K68,FIND(" ",$K68)+1,1)&REPT("*",LEN($K68)-FIND(" ",$K68)-1))),$K68) | G68: =IF($B$3="Anonimizados",IF($L68="","",IF(LEN($L68)<6,LEFT($L68,1)&REPT("*",LEN($L68)-1),LEFT($L68,1)&"****"&MID($L68,6,LEN($L68)-5))),$L68) | H68: =IF($I68="","",INDEX(Registro!$I$2:$I$501,$I68)) | I68: =IFERROR(MATCH(56,Registro!$AE$2:$AE$501,0),"") | J68: =IF($I68="","",INDEX(Registro!$E$2:$E$501,$I68)) | K68: =IF($I68="","",INDEX(Registro!$F$2:$F$501,$I68)) | L68: =IF($I68="","",INDEX(Registro!$G$2:$G$501,$I68))
A69: =IF($I69="","",57) | B69: =IF($I69="","",INDEX(Registro!$B$2:$B$501,$I69)) | C69: =IF($I69="","",INDEX(Registro!$H$2:$H$501,$I69)) | D69: =IF($I69="","",INDEX(Registro!$D$2:$D$501,$I69)) | E69: =IF($B$3="Anonimizados",IF($J69="","",IF(ISERROR(FIND(" ",$J69)),$J69,LEFT($J69,FIND(" ",$J69)-1)&" "&MID($J69,FIND(" ",$J69)+1,1)&REPT("*",LEN($J69)-FIND(" ",$J69)-1))),$J69) | F69: =IF($B$3="Anonimizados",IF($K69="","",IF(ISERROR(FIND(" ",$K69)),LEFT($K69,1)&REPT("*",LEN($K69)-1),LEFT($K69,1)&REPT("*",FIND(" ",$K69)-2)&" "&MID($K69,FIND(" ",$K69)+1,1)&REPT("*",LEN($K69)-FIND(" ",$K69)-1))),$K69) | G69: =IF($B$3="Anonimizados",IF($L69="","",IF(LEN($L69)<6,LEFT($L69,1)&REPT("*",LEN($L69)-1),LEFT($L69,1)&"****"&MID($L69,6,LEN($L69)-5))),$L69) | H69: =IF($I69="","",INDEX(Registro!$I$2:$I$501,$I69)) | I69: =IFERROR(MATCH(57,Registro!$AE$2:$AE$501,0),"") | J69: =IF($I69="","",INDEX(Registro!$E$2:$E$501,$I69)) | K69: =IF($I69="","",INDEX(Registro!$F$2:$F$501,$I69)) | L69: =IF($I69="","",INDEX(Registro!$G$2:$G$501,$I69))
A70: =IF($I70="","",58) | B70: =IF($I70="","",INDEX(Registro!$B$2:$B$501,$I70)) | C70: =IF($I70="","",INDEX(Registro!$H$2:$H$501,$I70)) | D70: =IF($I70="","",INDEX(Registro!$D$2:$D$501,$I70)) | E70: =IF($B$3="Anonimizados",IF($J70="","",IF(ISERROR(FIND(" ",$J70)),$J70,LEFT($J70,FIND(" ",$J70)-1)&" "&MID($J70,FIND(" ",$J70)+1,1)&REPT("*",LEN($J70)-FIND(" ",$J70)-1))),$J70) | F70: =IF($B$3="Anonimizados",IF($K70="","",IF(ISERROR(FIND(" ",$K70)),LEFT($K70,1)&REPT("*",LEN($K70)-1),LEFT($K70,1)&REPT("*",FIND(" ",$K70)-2)&" "&MID($K70,FIND(" ",$K70)+1,1)&REPT("*",LEN($K70)-FIND(" ",$K70)-1))),$K70) | G70: =IF($B$3="Anonimizados",IF($L70="","",IF(LEN($L70)<6,LEFT($L70,1)&REPT("*",LEN($L70)-1),LEFT($L70,1)&"****"&MID($L70,6,LEN($L70)-5))),$L70) | H70: =IF($I70="","",INDEX(Registro!$I$2:$I$501,$I70)) | I70: =IFERROR(MATCH(58,Registro!$AE$2:$AE$501,0),"") | J70: =IF($I70="","",INDEX(Registro!$E$2:$E$501,$I70)) | K70: =IF($I70="","",INDEX(Registro!$F$2:$F$501,$I70)) | L70: =IF($I70="","",INDEX(Registro!$G$2:$G$501,$I70))
A71: =IF($I71="","",59) | B71: =IF($I71="","",INDEX(Registro!$B$2:$B$501,$I71)) | C71: =IF($I71="","",INDEX(Registro!$H$2:$H$501,$I71)) | D71: =IF($I71="","",INDEX(Registro!$D$2:$D$501,$I71)) | E71: =IF($B$3="Anonimizados",IF($J71="","",IF(ISERROR(FIND(" ",$J71)),$J71,LEFT($J71,FIND(" ",$J71)-1)&" "&MID($J71,FIND(" ",$J71)+1,1)&REPT("*",LEN($J71)-FIND(" ",$J71)-1))),$J71) | F71: =IF($B$3="Anonimizados",IF($K71="","",IF(ISERROR(FIND(" ",$K71)),LEFT($K71,1)&REPT("*",LEN($K71)-1),LEFT($K71,1)&REPT("*",FIND(" ",$K71)-2)&" "&MID($K71,FIND(" ",$K71)+1,1)&REPT("*",LEN($K71)-FIND(" ",$K71)-1))),$K71) | G71: =IF($B$3="Anonimizados",IF($L71="","",IF(LEN($L71)<6,LEFT($L71,1)&REPT("*",LEN($L71)-1),LEFT($L71,1)&"****"&MID($L71,6,LEN($L71)-5))),$L71) | H71: =IF($I71="","",INDEX(Registro!$I$2:$I$501,$I71)) | I71: =IFERROR(MATCH(59,Registro!$AE$2:$AE$501,0),"") | J71: =IF($I71="","",INDEX(Registro!$E$2:$E$501,$I71)) | K71: =IF($I71="","",INDEX(Registro!$F$2:$F$501,$I71)) | L71: =IF($I71="","",INDEX(Registro!$G$2:$G$501,$I71))
A72: =IF($I72="","",60) | B72: =IF($I72="","",INDEX(Registro!$B$2:$B$501,$I72)) | C72: =IF($I72="","",INDEX(Registro!$H$2:$H$501,$I72)) | D72: =IF($I72="","",INDEX(Registro!$D$2:$D$501,$I72)) | E72: =IF($B$3="Anonimizados",IF($J72="","",IF(ISERROR(FIND(" ",$J72)),$J72,LEFT($J72,FIND(" ",$J72)-1)&" "&MID($J72,FIND(" ",$J72)+1,1)&REPT("*",LEN($J72)-FIND(" ",$J72)-1))),$J72) | F72: =IF($B$3="Anonimizados",IF($K72="","",IF(ISERROR(FIND(" ",$K72)),LEFT($K72,1)&REPT("*",LEN($K72)-1),LEFT($K72,1)&REPT("*",FIND(" ",$K72)-2)&" "&MID($K72,FIND(" ",$K72)+1,1)&REPT("*",LEN($K72)-FIND(" ",$K72)-1))),$K72) | G72: =IF($B$3="Anonimizados",IF($L72="","",IF(LEN($L72)<6,LEFT($L72,1)&REPT("*",LEN($L72)-1),LEFT($L72,1)&"****"&MID($L72,6,LEN($L72)-5))),$L72) | H72: =IF($I72="","",INDEX(Registro!$I$2:$I$501,$I72)) | I72: =IFERROR(MATCH(60,Registro!$AE$2:$AE$501,0),"") | J72: =IF($I72="","",INDEX(Registro!$E$2:$E$501,$I72)) | K72: =IF($I72="","",INDEX(Registro!$F$2:$F$501,$I72)) | L72: =IF($I72="","",INDEX(Registro!$G$2:$G$501,$I72))
A73: =IF($I73="","",61) | B73: =IF($I73="","",INDEX(Registro!$B$2:$B$501,$I73)) | C73: =IF($I73="","",INDEX(Registro!$H$2:$H$501,$I73)) | D73: =IF($I73="","",INDEX(Registro!$D$2:$D$501,$I73)) | E73: =IF($B$3="Anonimizados",IF($J73="","",IF(ISERROR(FIND(" ",$J73)),$J73,LEFT($J73,FIND(" ",$J73)-1)&" "&MID($J73,FIND(" ",$J73)+1,1)&REPT("*",LEN($J73)-FIND(" ",$J73)-1))),$J73) | F73: =IF($B$3="Anonimizados",IF($K73="","",IF(ISERROR(FIND(" ",$K73)),LEFT($K73,1)&REPT("*",LEN($K73)-1),LEFT($K73,1)&REPT("*",FIND(" ",$K73)-2)&" "&MID($K73,FIND(" ",$K73)+1,1)&REPT("*",LEN($K73)-FIND(" ",$K73)-1))),$K73) | G73: =IF($B$3="Anonimizados",IF($L73="","",IF(LEN($L73)<6,LEFT($L73,1)&REPT("*",LEN($L73)-1),LEFT($L73,1)&"****"&MID($L73,6,LEN($L73)-5))),$L73) | H73: =IF($I73="","",INDEX(Registro!$I$2:$I$501,$I73)) | I73: =IFERROR(MATCH(61,Registro!$AE$2:$AE$501,0),"") | J73: =IF($I73="","",INDEX(Registro!$E$2:$E$501,$I73)) | K73: =IF($I73="","",INDEX(Registro!$F$2:$F$501,$I73)) | L73: =IF($I73="","",INDEX(Registro!$G$2:$G$501,$I73))
A74: =IF($I74="","",62) | B74: =IF($I74="","",INDEX(Registro!$B$2:$B$501,$I74)) | C74: =IF($I74="","",INDEX(Registro!$H$2:$H$501,$I74)) | D74: =IF($I74="","",INDEX(Registro!$D$2:$D$501,$I74)) | E74: =IF($B$3="Anonimizados",IF($J74="","",IF(ISERROR(FIND(" ",$J74)),$J74,LEFT($J74,FIND(" ",$J74)-1)&" "&MID($J74,FIND(" ",$J74)+1,1)&REPT("*",LEN($J74)-FIND(" ",$J74)-1))),$J74) | F74: =IF($B$3="Anonimizados",IF($K74="","",IF(ISERROR(FIND(" ",$K74)),LEFT($K74,1)&REPT("*",LEN($K74)-1),LEFT($K74,1)&REPT("*",FIND(" ",$K74)-2)&" "&MID($K74,FIND(" ",$K74)+1,1)&REPT("*",LEN($K74)-FIND(" ",$K74)-1))),$K74) | G74: =IF($B$3="Anonimizados",IF($L74="","",IF(LEN($L74)<6,LEFT($L74,1)&REPT("*",LEN($L74)-1),LEFT($L74,1)&"****"&MID($L74,6,LEN($L74)-5))),$L74) | H74: =IF($I74="","",INDEX(Registro!$I$2:$I$501,$I74)) | I74: =IFERROR(MATCH(62,Registro!$AE$2:$AE$501,0),"") | J74: =IF($I74="","",INDEX(Registro!$E$2:$E$501,$I74)) | K74: =IF($I74="","",INDEX(Registro!$F$2:$F$501,$I74)) | L74: =IF($I74="","",INDEX(Registro!$G$2:$G$501,$I74))
A75: =IF($I75="","",63) | B75: =IF($I75="","",INDEX(Registro!$B$2:$B$501,$I75)) | C75: =IF($I75="","",INDEX(Registro!$H$2:$H$501,$I75)) | D75: =IF($I75="","",INDEX(Registro!$D$2:$D$501,$I75)) | E75: =IF($B$3="Anonimizados",IF($J75="","",IF(ISERROR(FIND(" ",$J75)),$J75,LEFT($J75,FIND(" ",$J75)-1)&" "&MID($J75,FIND(" ",$J75)+1,1)&REPT("*",LEN($J75)-FIND(" ",$J75)-1))),$J75) | F75: =IF($B$3="Anonimizados",IF($K75="","",IF(ISERROR(FIND(" ",$K75)),LEFT($K75,1)&REPT("*",LEN($K75)-1),LEFT($K75,1)&REPT("*",FIND(" ",$K75)-2)&" "&MID($K75,FIND(" ",$K75)+1,1)&REPT("*",LEN($K75)-FIND(" ",$K75)-1))),$K75) | G75: =IF($B$3="Anonimizados",IF($L75="","",IF(LEN($L75)<6,LEFT($L75,1)&REPT("*",LEN($L75)-1),LEFT($L75,1)&"****"&MID($L75,6,LEN($L75)-5))),$L75) | H75: =IF($I75="","",INDEX(Registro!$I$2:$I$501,$I75)) | I75: =IFERROR(MATCH(63,Registro!$AE$2:$AE$501,0),"") | J75: =IF($I75="","",INDEX(Registro!$E$2:$E$501,$I75)) | K75: =IF($I75="","",INDEX(Registro!$F$2:$F$501,$I75)) | L75: =IF($I75="","",INDEX(Registro!$G$2:$G$501,$I75))
A76: =IF($I76="","",64) | B76: =IF($I76="","",INDEX(Registro!$B$2:$B$501,$I76)) | C76: =IF($I76="","",INDEX(Registro!$H$2:$H$501,$I76)) | D76: =IF($I76="","",INDEX(Registro!$D$2:$D$501,$I76)) | E76: =IF($B$3="Anonimizados",IF($J76="","",IF(ISERROR(FIND(" ",$J76)),$J76,LEFT($J76,FIND(" ",$J76)-1)&" "&MID($J76,FIND(" ",$J76)+1,1)&REPT("*",LEN($J76)-FIND(" ",$J76)-1))),$J76) | F76: =IF($B$3="Anonimizados",IF($K76="","",IF(ISERROR(FIND(" ",$K76)),LEFT($K76,1)&REPT("*",LEN($K76)-1),LEFT($K76,1)&REPT("*",FIND(" ",$K76)-2)&" "&MID($K76,FIND(" ",$K76)+1,1)&REPT("*",LEN($K76)-FIND(" ",$K76)-1))),$K76) | G76: =IF($B$3="Anonimizados",IF($L76="","",IF(LEN($L76)<6,LEFT($L76,1)&REPT("*",LEN($L76)-1),LEFT($L76,1)&"****"&MID($L76,6,LEN($L76)-5))),$L76) | H76: =IF($I76="","",INDEX(Registro!$I$2:$I$501,$I76)) | I76: =IFERROR(MATCH(64,Registro!$AE$2:$AE$501,0),"") | J76: =IF($I76="","",INDEX(Registro!$E$2:$E$501,$I76)) | K76: =IF($I76="","",INDEX(Registro!$F$2:$F$501,$I76)) | L76: =IF($I76="","",INDEX(Registro!$G$2:$G$501,$I76))
A77: =IF($I77="","",65) | B77: =IF($I77="","",INDEX(Registro!$B$2:$B$501,$I77)) | C77: =IF($I77="","",INDEX(Registro!$H$2:$H$501,$I77)) | D77: =IF($I77="","",INDEX(Registro!$D$2:$D$501,$I77)) | E77: =IF($B$3="Anonimizados",IF($J77="","",IF(ISERROR(FIND(" ",$J77)),$J77,LEFT($J77,FIND(" ",$J77)-1)&" "&MID($J77,FIND(" ",$J77)+1,1)&REPT("*",LEN($J77)-FIND(" ",$J77)-1))),$J77) | F77: =IF($B$3="Anonimizados",IF($K77="","",IF(ISERROR(FIND(" ",$K77)),LEFT($K77,1)&REPT("*",LEN($K77)-1),LEFT($K77,1)&REPT("*",FIND(" ",$K77)-2)&" "&MID($K77,FIND(" ",$K77)+1,1)&REPT("*",LEN($K77)-FIND(" ",$K77)-1))),$K77) | G77: =IF($B$3="Anonimizados",IF($L77="","",IF(LEN($L77)<6,LEFT($L77,1)&REPT("*",LEN($L77)-1),LEFT($L77,1)&"****"&MID($L77,6,LEN($L77)-5))),$L77) | H77: =IF($I77="","",INDEX(Registro!$I$2:$I$501,$I77)) | I77: =IFERROR(MATCH(65,Registro!$AE$2:$AE$501,0),"") | J77: =IF($I77="","",INDEX(Registro!$E$2:$E$501,$I77)) | K77: =IF($I77="","",INDEX(Registro!$F$2:$F$501,$I77)) | L77: =IF($I77="","",INDEX(Registro!$G$2:$G$501,$I77))
A78: =IF($I78="","",66) | B78: =IF($I78="","",INDEX(Registro!$B$2:$B$501,$I78)) | C78: =IF($I78="","",INDEX(Registro!$H$2:$H$501,$I78)) | D78: =IF($I78="","",INDEX(Registro!$D$2:$D$501,$I78)) | E78: =IF($B$3="Anonimizados",IF($J78="","",IF(ISERROR(FIND(" ",$J78)),$J78,LEFT($J78,FIND(" ",$J78)-1)&" "&MID($J78,FIND(" ",$J78)+1,1)&REPT("*",LEN($J78)-FIND(" ",$J78)-1))),$J78) | F78: =IF($B$3="Anonimizados",IF($K78="","",IF(ISERROR(FIND(" ",$K78)),LEFT($K78,1)&REPT("*",LEN($K78)-1),LEFT($K78,1)&REPT("*",FIND(" ",$K78)-2)&" "&MID($K78,FIND(" ",$K78)+1,1)&REPT("*",LEN($K78)-FIND(" ",$K78)-1))),$K78) | G78: =IF($B$3="Anonimizados",IF($L78="","",IF(LEN($L78)<6,LEFT($L78,1)&REPT("*",LEN($L78)-1),LEFT($L78,1)&"****"&MID($L78,6,LEN($L78)-5))),$L78) | H78: =IF($I78="","",INDEX(Registro!$I$2:$I$501,$I78)) | I78: =IFERROR(MATCH(66,Registro!$AE$2:$AE$501,0),"") | J78: =IF($I78="","",INDEX(Registro!$E$2:$E$501,$I78)) | K78: =IF($I78="","",INDEX(Registro!$F$2:$F$501,$I78)) | L78: =IF($I78="","",INDEX(Registro!$G$2:$G$501,$I78))
A79: =IF($I79="","",67) | B79: =IF($I79="","",INDEX(Registro!$B$2:$B$501,$I79)) | C79: =IF($I79="","",INDEX(Registro!$H$2:$H$501,$I79)) | D79: =IF($I79="","",INDEX(Registro!$D$2:$D$501,$I79)) | E79: =IF($B$3="Anonimizados",IF($J79="","",IF(ISERROR(FIND(" ",$J79)),$J79,LEFT($J79,FIND(" ",$J79)-1)&" "&MID($J79,FIND(" ",$J79)+1,1)&REPT("*",LEN($J79)-FIND(" ",$J79)-1))),$J79) | F79: =IF($B$3="Anonimizados",IF($K79="","",IF(ISERROR(FIND(" ",$K79)),LEFT($K79,1)&REPT("*",LEN($K79)-1),LEFT($K79,1)&REPT("*",FIND(" ",$K79)-2)&" "&MID($K79,FIND(" ",$K79)+1,1)&REPT("*",LEN($K79)-FIND(" ",$K79)-1))),$K79) | G79: =IF($B$3="Anonimizados",IF($L79="","",IF(LEN($L79)<6,LEFT($L79,1)&REPT("*",LEN($L79)-1),LEFT($L79,1)&"****"&MID($L79,6,LEN($L79)-5))),$L79) | H79: =IF($I79="","",INDEX(Registro!$I$2:$I$501,$I79)) | I79: =IFERROR(MATCH(67,Registro!$AE$2:$AE$501,0),"") | J79: =IF($I79="","",INDEX(Registro!$E$2:$E$501,$I79)) | K79: =IF($I79="","",INDEX(Registro!$F$2:$F$501,$I79)) | L79: =IF($I79="","",INDEX(Registro!$G$2:$G$501,$I79))
A80: =IF($I80="","",68) | B80: =IF($I80="","",INDEX(Registro!$B$2:$B$501,$I80)) | C80: =IF($I80="","",INDEX(Registro!$H$2:$H$501,$I80)) | D80: =IF($I80="","",INDEX(Registro!$D$2:$D$501,$I80)) | E80: =IF($B$3="Anonimizados",IF($J80="","",IF(ISERROR(FIND(" ",$J80)),$J80,LEFT($J80,FIND(" ",$J80)-1)&" "&MID($J80,FIND(" ",$J80)+1,1)&REPT("*",LEN($J80)-FIND(" ",$J80)-1))),$J80) | F80: =IF($B$3="Anonimizados",IF($K80="","",IF(ISERROR(FIND(" ",$K80)),LEFT($K80,1)&REPT("*",LEN($K80)-1),LEFT($K80,1)&REPT("*",FIND(" ",$K80)-2)&" "&MID($K80,FIND(" ",$K80)+1,1)&REPT("*",LEN($K80)-FIND(" ",$K80)-1))),$K80) | G80: =IF($B$3="Anonimizados",IF($L80="","",IF(LEN($L80)<6,LEFT($L80,1)&REPT("*",LEN($L80)-1),LEFT($L80,1)&"****"&MID($L80,6,LEN($L80)-5))),$L80) | H80: =IF($I80="","",INDEX(Registro!$I$2:$I$501,$I80)) | I80: =IFERROR(MATCH(68,Registro!$AE$2:$AE$501,0),"") | J80: =IF($I80="","",INDEX(Registro!$E$2:$E$501,$I80)) | K80: =IF($I80="","",INDEX(Registro!$F$2:$F$501,$I80)) | L80: =IF($I80="","",INDEX(Registro!$G$2:$G$501,$I80))
A81: =IF($I81="","",69) | B81: =IF($I81="","",INDEX(Registro!$B$2:$B$501,$I81)) | C81: =IF($I81="","",INDEX(Registro!$H$2:$H$501,$I81)) | D81: =IF($I81="","",INDEX(Registro!$D$2:$D$501,$I81)) | E81: =IF($B$3="Anonimizados",IF($J81="","",IF(ISERROR(FIND(" ",$J81)),$J81,LEFT($J81,FIND(" ",$J81)-1)&" "&MID($J81,FIND(" ",$J81)+1,1)&REPT("*",LEN($J81)-FIND(" ",$J81)-1))),$J81) | F81: =IF($B$3="Anonimizados",IF($K81="","",IF(ISERROR(FIND(" ",$K81)),LEFT($K81,1)&REPT("*",LEN($K81)-1),LEFT($K81,1)&REPT("*",FIND(" ",$K81)-2)&" "&MID($K81,FIND(" ",$K81)+1,1)&REPT("*",LEN($K81)-FIND(" ",$K81)-1))),$K81) | G81: =IF($B$3="Anonimizados",IF($L81="","",IF(LEN($L81)<6,LEFT($L81,1)&REPT("*",LEN($L81)-1),LEFT($L81,1)&"****"&MID($L81,6,LEN($L81)-5))),$L81) | H81: =IF($I81="","",INDEX(Registro!$I$2:$I$501,$I81)) | I81: =IFERROR(MATCH(69,Registro!$AE$2:$AE$501,0),"") | J81: =IF($I81="","",INDEX(Registro!$E$2:$E$501,$I81)) | K81: =IF($I81="","",INDEX(Registro!$F$2:$F$501,$I81)) | L81: =IF($I81="","",INDEX(Registro!$G$2:$G$501,$I81))
A82: =IF($I82="","",70) | B82: =IF($I82="","",INDEX(Registro!$B$2:$B$501,$I82)) | C82: =IF($I82="","",INDEX(Registro!$H$2:$H$501,$I82)) | D82: =IF($I82="","",INDEX(Registro!$D$2:$D$501,$I82)) | E82: =IF($B$3="Anonimizados",IF($J82="","",IF(ISERROR(FIND(" ",$J82)),$J82,LEFT($J82,FIND(" ",$J82)-1)&" "&MID($J82,FIND(" ",$J82)+1,1)&REPT("*",LEN($J82)-FIND(" ",$J82)-1))),$J82) | F82: =IF($B$3="Anonimizados",IF($K82="","",IF(ISERROR(FIND(" ",$K82)),LEFT($K82,1)&REPT("*",LEN($K82)-1),LEFT($K82,1)&REPT("*",FIND(" ",$K82)-2)&" "&MID($K82,FIND(" ",$K82)+1,1)&REPT("*",LEN($K82)-FIND(" ",$K82)-1))),$K82) | G82: =IF($B$3="Anonimizados",IF($L82="","",IF(LEN($L82)<6,LEFT($L82,1)&REPT("*",LEN($L82)-1),LEFT($L82,1)&"****"&MID($L82,6,LEN($L82)-5))),$L82) | H82: =IF($I82="","",INDEX(Registro!$I$2:$I$501,$I82)) | I82: =IFERROR(MATCH(70,Registro!$AE$2:$AE$501,0),"") | J82: =IF($I82="","",INDEX(Registro!$E$2:$E$501,$I82)) | K82: =IF($I82="","",INDEX(Registro!$F$2:$F$501,$I82)) | L82: =IF($I82="","",INDEX(Registro!$G$2:$G$501,$I82))
A83: =IF($I83="","",71) | B83: =IF($I83="","",INDEX(Registro!$B$2:$B$501,$I83)) | C83: =IF($I83="","",INDEX(Registro!$H$2:$H$501,$I83)) | D83: =IF($I83="","",INDEX(Registro!$D$2:$D$501,$I83)) | E83: =IF($B$3="Anonimizados",IF($J83="","",IF(ISERROR(FIND(" ",$J83)),$J83,LEFT($J83,FIND(" ",$J83)-1)&" "&MID($J83,FIND(" ",$J83)+1,1)&REPT("*",LEN($J83)-FIND(" ",$J83)-1))),$J83) | F83: =IF($B$3="Anonimizados",IF($K83="","",IF(ISERROR(FIND(" ",$K83)),LEFT($K83,1)&REPT("*",LEN($K83)-1),LEFT($K83,1)&REPT("*",FIND(" ",$K83)-2)&" "&MID($K83,FIND(" ",$K83)+1,1)&REPT("*",LEN($K83)-FIND(" ",$K83)-1))),$K83) | G83: =IF($B$3="Anonimizados",IF($L83="","",IF(LEN($L83)<6,LEFT($L83,1)&REPT("*",LEN($L83)-1),LEFT($L83,1)&"****"&MID($L83,6,LEN($L83)-5))),$L83) | H83: =IF($I83="","",INDEX(Registro!$I$2:$I$501,$I83)) | I83: =IFERROR(MATCH(71,Registro!$AE$2:$AE$501,0),"") | J83: =IF($I83="","",INDEX(Registro!$E$2:$E$501,$I83)) | K83: =IF($I83="","",INDEX(Registro!$F$2:$F$501,$I83)) | L83: =IF($I83="","",INDEX(Registro!$G$2:$G$501,$I83))
A84: =IF($I84="","",72) | B84: =IF($I84="","",INDEX(Registro!$B$2:$B$501,$I84)) | C84: =IF($I84="","",INDEX(Registro!$H$2:$H$501,$I84)) | D84: =IF($I84="","",INDEX(Registro!$D$2:$D$501,$I84)) | E84: =IF($B$3="Anonimizados",IF($J84="","",IF(ISERROR(FIND(" ",$J84)),$J84,LEFT($J84,FIND(" ",$J84)-1)&" "&MID($J84,FIND(" ",$J84)+1,1)&REPT("*",LEN($J84)-FIND(" ",$J84)-1))),$J84) | F84: =IF($B$3="Anonimizados",IF($K84="","",IF(ISERROR(FIND(" ",$K84)),LEFT($K84,1)&REPT("*",LEN($K84)-1),LEFT($K84,1)&REPT("*",FIND(" ",$K84)-2)&" "&MID($K84,FIND(" ",$K84)+1,1)&REPT("*",LEN($K84)-FIND(" ",$K84)-1))),$K84) | G84: =IF($B$3="Anonimizados",IF($L84="","",IF(LEN($L84)<6,LEFT($L84,1)&REPT("*",LEN($L84)-1),LEFT($L84,1)&"****"&MID($L84,6,LEN($L84)-5))),$L84) | H84: =IF($I84="","",INDEX(Registro!$I$2:$I$501,$I84)) | I84: =IFERROR(MATCH(72,Registro!$AE$2:$AE$501,0),"") | J84: =IF($I84="","",INDEX(Registro!$E$2:$E$501,$I84)) | K84: =IF($I84="","",INDEX(Registro!$F$2:$F$501,$I84)) | L84: =IF($I84="","",INDEX(Registro!$G$2:$G$501,$I84))
A85: =IF($I85="","",73) | B85: =IF($I85="","",INDEX(Registro!$B$2:$B$501,$I85)) | C85: =IF($I85="","",INDEX(Registro!$H$2:$H$501,$I85)) | D85: =IF($I85="","",INDEX(Registro!$D$2:$D$501,$I85)) | E85: =IF($B$3="Anonimizados",IF($J85="","",IF(ISERROR(FIND(" ",$J85)),$J85,LEFT($J85,FIND(" ",$J85)-1)&" "&MID($J85,FIND(" ",$J85)+1,1)&REPT("*",LEN($J85)-FIND(" ",$J85)-1))),$J85) | F85: =IF($B$3="Anonimizados",IF($K85="","",IF(ISERROR(FIND(" ",$K85)),LEFT($K85,1)&REPT("*",LEN($K85)-1),LEFT($K85,1)&REPT("*",FIND(" ",$K85)-2)&" "&MID($K85,FIND(" ",$K85)+1,1)&REPT("*",LEN($K85)-FIND(" ",$K85)-1))),$K85) | G85: =IF($B$3="Anonimizados",IF($L85="","",IF(LEN($L85)<6,LEFT($L85,1)&REPT("*",LEN($L85)-1),LEFT($L85,1)&"****"&MID($L85,6,LEN($L85)-5))),$L85) | H85: =IF($I85="","",INDEX(Registro!$I$2:$I$501,$I85)) | I85: =IFERROR(MATCH(73,Registro!$AE$2:$AE$501,0),"") | J85: =IF($I85="","",INDEX(Registro!$E$2:$E$501,$I85)) | K85: =IF($I85="","",INDEX(Registro!$F$2:$F$501,$I85)) | L85: =IF($I85="","",INDEX(Registro!$G$2:$G$501,$I85))
A86: =IF($I86="","",74) | B86: =IF($I86="","",INDEX(Registro!$B$2:$B$501,$I86)) | C86: =IF($I86="","",INDEX(Registro!$H$2:$H$501,$I86)) | D86: =IF($I86="","",INDEX(Registro!$D$2:$D$501,$I86)) | E86: =IF($B$3="Anonimizados",IF($J86="","",IF(ISERROR(FIND(" ",$J86)),$J86,LEFT($J86,FIND(" ",$J86)-1)&" "&MID($J86,FIND(" ",$J86)+1,1)&REPT("*",LEN($J86)-FIND(" ",$J86)-1))),$J86) | F86: =IF($B$3="Anonimizados",IF($K86="","",IF(ISERROR(FIND(" ",$K86)),LEFT($K86,1)&REPT("*",LEN($K86)-1),LEFT($K86,1)&REPT("*",FIND(" ",$K86)-2)&" "&MID($K86,FIND(" ",$K86)+1,1)&REPT("*",LEN($K86)-FIND(" ",$K86)-1))),$K86) | G86: =IF($B$3="Anonimizados",IF($L86="","",IF(LEN($L86)<6,LEFT($L86,1)&REPT("*",LEN($L86)-1),LEFT($L86,1)&"****"&MID($L86,6,LEN($L86)-5))),$L86) | H86: =IF($I86="","",INDEX(Registro!$I$2:$I$501,$I86)) | I86: =IFERROR(MATCH(74,Registro!$AE$2:$AE$501,0),"") | J86: =IF($I86="","",INDEX(Registro!$E$2:$E$501,$I86)) | K86: =IF($I86="","",INDEX(Registro!$F$2:$F$501,$I86)) | L86: =IF($I86="","",INDEX(Registro!$G$2:$G$501,$I86))
A87: =IF($I87="","",75) | B87: =IF($I87="","",INDEX(Registro!$B$2:$B$501,$I87)) | C87: =IF($I87="","",INDEX(Registro!$H$2:$H$501,$I87)) | D87: =IF($I87="","",INDEX(Registro!$D$2:$D$501,$I87)) | E87: =IF($B$3="Anonimizados",IF($J87="","",IF(ISERROR(FIND(" ",$J87)),$J87,LEFT($J87,FIND(" ",$J87)-1)&" "&MID($J87,FIND(" ",$J87)+1,1)&REPT("*",LEN($J87)-FIND(" ",$J87)-1))),$J87) | F87: =IF($B$3="Anonimizados",IF($K87="","",IF(ISERROR(FIND(" ",$K87)),LEFT($K87,1)&REPT("*",LEN($K87)-1),LEFT($K87,1)&REPT("*",FIND(" ",$K87)-2)&" "&MID($K87,FIND(" ",$K87)+1,1)&REPT("*",LEN($K87)-FIND(" ",$K87)-1))),$K87) | G87: =IF($B$3="Anonimizados",IF($L87="","",IF(LEN($L87)<6,LEFT($L87,1)&REPT("*",LEN($L87)-1),LEFT($L87,1)&"****"&MID($L87,6,LEN($L87)-5))),$L87) | H87: =IF($I87="","",INDEX(Registro!$I$2:$I$501,$I87)) | I87: =IFERROR(MATCH(75,Registro!$AE$2:$AE$501,0),"") | J87: =IF($I87="","",INDEX(Registro!$E$2:$E$501,$I87)) | K87: =IF($I87="","",INDEX(Registro!$F$2:$F$501,$I87)) | L87: =IF($I87="","",INDEX(Registro!$G$2:$G$501,$I87))
